symbol,company_name,isin,exchange,market_cap_cr,category
RELIANCE,Reliance Industries Ltd,INE002A01018,NSE,1970797.09,Large Cap
HDFCBANK,HDFC Bank Ltd.,INE040A01034,NSE,1516170.94,Large Cap
BHARTIARTL,Bharti Airtel  Ltd.,INE397D01024,NSE,1195645.18,Large Cap
TCS,Tata Consultancy Services Ltd.,INE467B01029,NSE,1129568.57,Large Cap
ICICIBANK,ICICI Bank Ltd.,INE090A01021,NSE,998876.86,Large Cap
SBIN,State Bank Of India,INE062A01020,NSE,805248.09,Large Cap
INFY,Infosys Ltd,INE009A01021,NSE,635171.35,Large Cap
BAJFINANCE,Bajaj Finance Limited,INE296A01032,NSE,608063.5,Large Cap
LICI,Life Insurance Corporation of India,INE0J1Y01017,NSE,565235.05,Large Cap
HINDUNILVR,Hindustan Unilever Ltd.,INE030A01027,NSE,538840.25,Large Cap
LT,Larsen & Toubro Limited,INE018A01030,NSE,518734.19,Large Cap
ITC,ITC Ltd,INE154A01025,NSE,511718.19,Large Cap
MARUTI,Maruti Suzuki India  Ltd.,INE585B01010,NSE,470447.56,Large Cap
M&M,Mahindra & Mahindra Ltd.,INE101A01026,NSE,431870.68,Large Cap
HCLTECH,HCL Technologies Ltd,INE860A01027,NSE,418780.71,Large Cap
SUNPHARMA,Sun Pharmaceutical Industries Ltd.,INE044A01036,NSE,404413.97,Large Cap
AXISBANK,AXIS Bank Ltd.,INE238A01034,NSE,363081.7,Large Cap
ULTRACEMCO,UltraTech Cement Ltd,INE481G01011,NSE,358032.16,Large Cap
BAJAJFINSV,Bajaj Finserv Limited,INE918I01026,NSE,324497.45,Large Cap
TITAN,Titan Company Limited,INE280A01028,NSE,323588.6,Large Cap
NTPC,NTPC Limited,INE733E01010,NSE,323242.02,Large Cap
HAL,Hindustan Aeronautics Limited,INE066F01020,NSE,309439.43,Large Cap
ADANIPORTS,Adani Ports and Special Economic Zone Ltd,INE742F01042,NSE,308643.65,Large Cap
ONGC,Oil And Natural Gas Corporation Ltd,INE213A01029,NSE,303873.25,Large Cap
ETERNAL,Eternal Limited,INE758T01015,NSE,297128.74,Large Cap
BEL,Bharat Electronics Ltd.,INE263A01024,NSE,293006.39,Large Cap
ADANIENT,Adani Enterprises Ltd.,INE423A01024,NSE,281699.26,Large Cap
DMART,Avenue Supermarts Limited,INE192R01011,NSE,275703.92,Large Cap
JSWSTEEL,JSW Steel Limited,INE019A01038,NSE,270423.44,Large Cap
ADANIPOWER,Adani Power Limited,INE814H01029,NSE,264353.91,Large Cap
WIPRO,Wipro  Ltd.,INE075A01022,NSE,263357.63,Large Cap
POWERGRID,POWER GRID CORPORATION OF INDIA LIMITED,INE752E01010,NSE,262660.86,Large Cap
ASIANPAINT,Asian Paints Ltd.,INE021A01026,NSE,246424.67,Large Cap
BAJAJ-AUTO,Bajaj Auto Limited,INE917I01010,NSE,245127.69,Large Cap
COALINDIA,Coal India Limited,INE522F01014,NSE,237341.1,Large Cap
NESTLEIND,Nestle India Ltd.,INE239A01024,NSE,233650.75,Large Cap
INDIGO,InterGlobe Aviation Limited,INE646L01027,NSE,219770.89,Large Cap
IOC,Indian Oil Corporation Ltd.,INE242A01010,NSE,216869.55,Large Cap
TATASTEEL,TATA STEEL LIMITED,INE081A01020,NSE,209348.34,Large Cap
HINDZINC,Hindustan Zinc Ltd.,INE267A01025,NSE,200302.09,Large Cap
JIOFIN,Jio Financial Services Limited,INE758E01017,NSE,197599.97,Large Cap
HYUNDAI,HYUNDAI MOTOR INDIA LIMITED,INE0V6F01027,NSE,190812.83,Large Cap
GRASIM,Grasim Industries Ltd,INE047A01021,NSE,190065.86,Large Cap
SBILIFE,SBI Life Insurance Company Limited,INE123W01016,NSE,189233.82,Large Cap
VEDL,Vedanta Limited,INE205A01025,NSE,188341.36,Large Cap
DLF,DLF LIMITED,INE271C01023,NSE,187706.7,Large Cap
EICHERMOT,Eicher Motors Ltd.,INE066A01021,NSE,179572.47,Large Cap
TRENT,Trent Ltd [Lakme Ltd],INE849A01020,NSE,173123.06,Large Cap
HINDALCO,Hindalco Industries Ltd.,INE038A01020,NSE,170778.11,Large Cap
DIVISLAB,Divi's Laboratories Ltd.,INE361B01024,NSE,169470.56,Large Cap
HDFCLIFE,HDFC LIFE INSURANCE COMPANY LIMITED,INE795G01014,NSE,164648.24,Large Cap
LTM,LTIMindtree Limited,INE214T01019,NSE,163641.7,Large Cap
IRFC,Indian Railway Finance Corporation,INE053F01010,NSE,163100.04,Large Cap
ADANIGREEN,Adani Green Energy Limited,INE364U01010,NSE,163019.85,Large Cap
VBL,Varun Beverages Limited,INE200M01039,NSE,160503.06,Large Cap
TVSMOTOR,TVS Motor Company Ltd.,INE494B01023,NSE,158854.62,Large Cap
PIDILITIND,Pidilite Industries Ltd.,INE318A01026,NSE,152299.32,Large Cap
BPCL,Bharat Petroleum Corpn. Ltd.,INE029A01011,NSE,148436.95,Large Cap
TECHM,Tech Mahindra Limited,INE669C01036,NSE,147715.49,Large Cap
BAJAJHLDNG,Bajaj Holdings & Investment Limited,INE118A01012,NSE,141527.23,Large Cap
BRITANNIA,Britannia Industries Ltd.,INE216A01030,NSE,141273.65,Large Cap
AMBUJACEM,Ambuja Cements Ltd.,INE079A01024,NSE,140874.62,Large Cap
TATACAP,Tata Capital Limited,INE976I01016,NSE,138785.22,Large Cap
TMPV,TATA MOTORS PASSENGER VEHICLES LIMITED,INE155A01022,NSE,138379.66,Large Cap
BANKBARODA,Bank Of Baroda,INE028A01039,NSE,135277.31,Large Cap
CHOLAFIN,Cholamandalam Investment and Finance Company Ltd,INE121A01024,NSE,134940.99,Large Cap
SHRIRAMFIN,Shriram Finance Limited,INE721A01047,NSE,134236.38,Large Cap
TMCV,Tata Motors Limited,INE1TAE01010,NSE,133962.43,Large Cap
PNB,Punjab National Bank,INE160A01022,NSE,130934.04,Large Cap
ICICIAMC,ICICI Prudential Asset Management Company Limited,INE346A01027,NSE,129966.98,Large Cap
PFC,Power Finance Corporation Ltd,INE134E01011,NSE,129274.35,Large Cap
SOLARINDS,Solar Industries India Limited,INE343H01029,NSE,127239.01,Large Cap
MUTHOOTFIN,MUTHOOT FINANCE LIMITED,INE414G01012,NSE,125437.65,Large Cap
TATAPOWER,Tata Power Co. Ltd,INE245A01021,NSE,124853.77,Large Cap
CIPLA,Cipla Ltd.,INE059A01026,NSE,123550.23,Large Cap
TORNTPHARM,Torrent Pharmaceuticals Ltd.,INE685A01028,NSE,122678.09,Large Cap
GODREJCP,Godrej Consumer Products Ltd.,INE102D01028,NSE,121708.41,Large Cap
LODHA,Lodha Developers Limited,INE670K01029,NSE,120411.35,Large Cap
HDFCAMC,HDFC Asset Management Company Limited,INE127D01025,NSE,117490.21,Large Cap
GAIL,Gail (India) Ltd.,INE129A01019,NSE,117135.4,Large Cap
CANBK,Canara Bank,INE476A01022,NSE,114305.32,Large Cap
MAXHEALTH,Max Healthcare Institute Limited,INE027H01010,NSE,113892.74,Large Cap
ENRIN,Siemens Energy India Limited,INE1NPP01017,NSE,112969.27,Large Cap
SIEMENS,Siemens Ltd.,INE003A01024,NSE,112489.01,Large Cap
MAZDOCK,Mazagon Dock Shipbuilders Limited,INE249Z01020,NSE,112305.88,Large Cap
BOSCHLTD,Bosch Ltd,INE323A01026,NSE,112072.51,Large Cap
ABB,ABB India Limited,INE117A01022,NSE,111554.91,Large Cap
MOTHERSON,Samvardhana Motherson International Limited,INE775A01035,NSE,111482.08,Large Cap
CUMMINSIND,Cummins India Ltd.,INE298A01020,NSE,111421.69,Large Cap
TATACONSUM,TATA CONSUMER PRODUCTS LIMITED,INE192A01025,NSE,111191.8,Large Cap
CGPOWER,CG Power and Industrial Solutions Limited,INE067A01029,NSE,110189.37,Large Cap
LGEINDIA,LG Electronics India Limited,INE324D01010,NSE,109777.1,Large Cap
POLYCAB,Polycab India Limited,INE455K01017,NSE,109474.09,Large Cap
UNIONBANK,Union Bank of India,INE692A01016,NSE,108940.67,Large Cap
ADANIENSOL,Adani Energy Solutions Limited,INE931S01010,NSE,108353.76,Large Cap
APOLLOHOSP,Apollo Hospitals Enterprises Ltd.,INE437A01024,NSE,107950.58,Large Cap
INDHOTEL,Indian Hotels Co. Ltd,INE053A01029,NSE,105953.21,Large Cap
HEROMOTOCO,Hero MotoCorp Limited,INE158A01026,NSE,105541.44,Large Cap
DRREDDY,Dr. Reddy's Laboratories Ltd.,INE089A01031,NSE,105173.87,Large Cap
SHREECEM,Shree Cements Ltd.,INE070A01015,NSE,104515.81,Mid Cap
JINDALSTEL,JINDAL STEEL LIMITED,INE749A01030,NSE,103402.77,Mid Cap
IDBI,IDBI Bank Ltd,INE008A01015,NSE,102939.27,Mid Cap
SWIGGY,SWIGGY LIMITED,INE00H001014,NSE,102601.46,Mid Cap
BSE,BSE Ltd.,INE118H01025,NSE,101299.27,Mid Cap
MANKIND,Mankind Pharma Limited,INE634S01028,NSE,99918.28,Mid Cap
INDIANB,Indian Bank,INE562A01011,NSE,99684.37,Mid Cap
INDUSTOWER,INDUS TOWERS LIMITED,INE121J01017,NSE,99637.65,Mid Cap
UNITDSPR,United Spirits Limited,INE854D01024,NSE,99545.63,Mid Cap
GMRAIRPORT,GMR Airports Limited,INE776C01039,NSE,98990.78,Mid Cap
RECLTD,REC LIMITED,INE020B01018,NSE,98214.71,Mid Cap
ZYDUSLIFE,Zydus Lifesciences Limited,INE010B01027,NSE,97836.91,Mid Cap
ICICIGI,ICICI Lombard General Insurance Company Limited,INE765G01017,NSE,96742.59,Mid Cap
GROWW,Billionbrains Garage Ventures Limited,INE0HOQ01053,NSE,95896.15,Mid Cap
DIXON,Dixon Technologies (India) Limited,INE935N01020,NSE,95851.34,Mid Cap
IDEA,VODAFONE IDEA LIMITED,INE669E01016,NSE,94020.26,Mid Cap
HAVELLS,Havells India Limited,INE176B01034,NSE,93919.39,Mid Cap
MARICO,Marico Limited,INE196A01026,NSE,93848.91,Mid Cap
HINDPETRO,Hindustan Petroleum Corporation Ltd,INE094A01015,NSE,93193.14,Mid Cap
WAAREEENER,Waaree Energies Limited,INE377N01017,NSE,92806.37,Mid Cap
BAJAJHFL,Bajaj Housing Finance Limited,INE377Y01014,NSE,91539.66,Mid Cap
DABUR,Dabur India Ltd.,INE016A01026,NSE,90964.26,Mid Cap
LUPIN,Lupin Ltd,INE326A01037,NSE,90702.01,Mid Cap
JSWENERGY,JSW Energy Limited,INE121E01018,NSE,90094.17,Mid Cap
ICICIPRULI,ICICI Prudential Life Insurance Company Limited,INE726G01019,NSE,89696.46,Mid Cap
PERSISTENT,Persistent Systems Limited,INE262H01021,NSE,89150.43,Mid Cap
BHARTIHEXA,Bharti Hexacom Limited,INE343G01021,NSE,88890.15,Mid Cap
NAUKRI,Info Edge(India) Ltd.,INE663F01032,NSE,88708.5,Mid Cap
SRF,SRF Ltd.,INE647A01010,NSE,88547.59,Mid Cap
BHEL,Bharat Heavy Electricals Ltd.,INE257A01026,NSE,87275.32,Mid Cap
POWERINDIA,HITACHI ENERGY INDIA LIMITED,INE07Y701011,NSE,86855.84,Mid Cap
MEESHO,Meesho Limited,INE0VDM01015,NSE,86440.15,Mid Cap
NTPCGREEN,NTPC GREEN ENERGY LIMITED,INE0ONG01011,NSE,84832.01,Mid Cap
NHPC,NHPC Limited,INE848E01016,NSE,83004.47,Mid Cap
POLICYBZR,PB Fintech Limited,INE417T01026,NSE,82982.45,Mid Cap
SBICARD,SBI CARDS AND PAYMENT SERVICES LIMITED,INE018E01016,NSE,82606.82,Mid Cap
ASHOKLEY,Ashok Leyland Ltd.,INE208A01029,NSE,82086.06,Mid Cap
SUZLON,SUZLON ENERGY LTD.,INE040H01021,NSE,79509.3,Mid Cap
ABCAPITAL,Aditya Birla Capital Ltd,INE674K01013,NSE,79348.09,Mid Cap
PAYTM,One 97 Communications Limited,INE982J01020,NSE,76885.62,Mid Cap
IOB,Indian Overseas Bank,INE565A01014,NSE,74116.7,Mid Cap
OFSS,Oracle Financial Services Software Limited,INE881D01027,NSE,74072.43,Mid Cap
LENSKART,Lenskart Solutions Limited,INE956O01016,NSE,73300.14,Mid Cap
GVT&D,GE Vernova T&D India Limited,INE200A01026,NSE,72682.09,Mid Cap
RVNL,Rail Vikas Nigam Limited,INE415G01027,NSE,70912.53,Mid Cap
PRESTIGE,Prestige Estates Projects Limited,INE811K01011,NSE,70855.47,Mid Cap
LLOYDSME,Lloyds Metals and Energy Limited,INE281B01032,NSE,70809.09,Mid Cap
UNOMINDA,UNO Minda Limited,INE405E01023,NSE,70444.82,Mid Cap
FORTIS,Fortis Healthcare Ltd,INE061F01013,NSE,69999.55,Mid Cap
NYKAA,FSN E-Commerce Ventures Limited,INE388Y01029,NSE,68621.26,Mid Cap
OIL,Oil India Limited,INE274J01014,NSE,68181.91,Mid Cap
ATGL,ADANI TOTAL GAS LIMITED,INE399L01023,NSE,67975.07,Mid Cap
COROMANDEL,Coromandel International Limited,INE169A01031,NSE,67903.85,Mid Cap
GICRE,General Insurance Corporation of India,INE481Y01014,NSE,66432.27,Mid Cap
YESBANK,Yes Bank Ltd.,INE528G01035,NSE,66356.43,Mid Cap
VMM,Vishal Mega Mart Limited,INE01EA01019,NSE,66102.4,Mid Cap
ABBOTINDIA,Abbott India Ltd.,INE358A01014,NSE,65871.14,Mid Cap
TORNTPOWER,TORRENT POWER LIMITED,INE813H01021,NSE,65816.6,Mid Cap
AUROPHARMA,Aurobindo Pharma Ltd.,INE406A01037,NSE,65680.54,Mid Cap
NMDC,NMDC Ltd,INE584A01023,NSE,65185.99,Mid Cap
ALKEM,Alkem Laboratories Limited,INE540L01014,NSE,64341.89,Mid Cap
BERGEPAINT,Berger Paints India Ltd,INE463A01038,NSE,64189.42,Mid Cap
MRF,M.R.F. Ltd.,INE883A01011,NSE,64073.59,Mid Cap
PATANJALI,Patanjali Foods Limited,INE619A01035,NSE,63713.13,Mid Cap
GODREJPROP,Godrej Properties Limited,INE484J01027,NSE,63668.41,Mid Cap
HDBFS,HDB FINANCIAL SERVICES LIMITED,INE756I01012,NSE,63479.55,Mid Cap
LTF,L&T Finance Limited,INE498L01015,NSE,63066.29,Mid Cap
JSWINFRA,JSW Infrastructure Limited,INE880J01026,NSE,62720.84,Mid Cap
SCHAEFFLER,Schaeffler India Limited,INE513A01022,NSE,62601.14,Mid Cap
INDUSINDBK,IndusInd Bank Ltd.,INE095A01012,NSE,62528.43,Mid Cap
JSL,Jindal Stainless Limited,INE220G01021,NSE,61858.44,Mid Cap
AUBANK,AU Small Finance Bank Limited,INE949L01017,NSE,61399.42,Mid Cap
COLPAL,Colgate-Palmolive (India) Ltd.,INE259A01022,NSE,61273.84,Mid Cap
OBEROIRLTY,OBEROI REALTY LIMITED,INE093I01010,NSE,61136.53,Mid Cap
BHARATFORG,Bharat Forge Ltd,INE465A01025,NSE,61065.99,Mid Cap
FACT,Fertilizers and Chemicals Travancore Limited,INE188A01015,NSE,59605.98,Mid Cap
COFORGE,COFORGE LIMITED,INE591G01025,NSE,59313.49,Mid Cap
UPL,UPL Limited,INE628A01036,NSE,58702.51,Mid Cap
PHOENIXLTD,The Phoenix Mills Ltd.,INE211B01039,NSE,57968.52,Mid Cap
BANKINDIA,Bank of India,INE084A01016,NSE,57806.99,Mid Cap
TIINDIA,Tube Investments of India Ltd,INE974X01010,NSE,57616.6,Mid Cap
IRCTC,Indian Railway Catering & Tourism Corporation Ltd,INE335Y01020,NSE,57369.79,Mid Cap
BDL,Bharat Dynamics Limited,INE171Z01026,NSE,57204.64,Mid Cap
IDFCFIRSTB,IDFC FIRST BANK LIMITED,INE092T01019,NSE,57134.94,Mid Cap
PIIND,PI Industries Limited,INE603J01030,NSE,55995.13,Mid Cap
MOTILALOFS,Motilal Oswal Financial Services Limited,INE338I01027,NSE,55862.66,Mid Cap
GLENMARK,Glenmark Pharmaceuticals ltd,INE935A01035,NSE,55715.98,Mid Cap
MFSL,Max Financial Services Limited,INE180A01020,NSE,55404.88,Mid Cap
SAIL,Steel Authority of India Ltd.,INE114A01011,NSE,54440.06,Mid Cap
FEDERALBNK,Federal Bank Ltd.,INE171A01029,NSE,54284.24,Mid Cap
NAM-INDIA,NIPPON LIFE INDIA ASSET MANAGEMENT LIMITED,INE298J01013,NSE,53973.88,Mid Cap
MPHASIS,Mphasis Limited,INE356A01018,NSE,53510.56,Mid Cap
KALYANKJIL,Kalyan Jewellers India Limited,INE303R01014,NSE,53385.09,Mid Cap
LINDEINDIA,Linde India Limited,INE473A01011,NSE,53248.12,Mid Cap
SUNDARMFIN,SUNDARAM FINANCE LTD,INE660A01013,NSE,52669.24,Mid Cap
SUPREMEIND,Supreme Industries Ltd.,INE195A01028,NSE,51145.25,Mid Cap
BIOCON,Biocon Ltd.,INE376G01013,NSE,50160.2,Mid Cap
TATACOMM,Tata Communications Limited,INE151A01013,NSE,49912.12,Mid Cap
LAURUSLABS,Laurus Labs Limited,INE947Q01028,NSE,49364.8,Mid Cap
AIIL,Authum Investment & Infrastructure Limited,INE206F01022,NSE,49314.44,Mid Cap
GODFRYPHLP,Godfrey Phillips India Ltd.,INE260B01028,NSE,49053.35,Mid Cap
JKCEMENT,J.K. CEMENT LTD,INE823G01014,NSE,48686.08,Mid Cap
UBL,United Breweries Ltd.,INE686F01025,NSE,48008.69,Mid Cap
APLAPOLLO,APL Apollo Tubes Limited,INE702C01027,NSE,47511.16,Mid Cap
PAGEIND,Page Industries Ltd.,INE761H01022,NSE,47337.47,Mid Cap
GLAXO,GlaxoSmithkline Pharmaceuticals Ltd.,INE159A01016,NSE,46777.82,Mid Cap
BALKRISIND,Balkrishna Industries Ltd.,INE787D01026,NSE,46623.15,Mid Cap
ITCHOTELS,ITC Hotels Limited,INE379A01028,NSE,46317.94,Mid Cap
COCHINSHIP,Cochin Shipyard Limited,INE704P01025,NSE,46226.2,Mid Cap
PREMIERENE,Premier Energies Limited,INE0BS701011,NSE,45733.88,Mid Cap
HEXT,Hexaware Technologies Limited,INE093A01041,NSE,45643.06,Mid Cap
LTTS,L&T Technology Services Limited,INE010V01017,NSE,45464.99,Mid Cap
VOLTAS,Voltas Ltd.,INE226A01021,NSE,45327.09,Mid Cap
HUDCO,Housing &Urban Development Corporation Ltd.,INE031A01017,NSE,44792.77,Mid Cap
360ONE,360 ONE WAM LIMITED,INE466L01038,NSE,44656.69,Mid Cap
MAHABANK,Bank of maharashtra,INE457A01014,NSE,43641.82,Mid Cap
PGHH,Procter & Gamble Hygiene & Health Care Ltd.,INE179A01014,NSE,43177.43,Mid Cap
PETRONET,PETRONET LNG LTD.,INE347G01014,NSE,42177.53,Mid Cap
IREDA,Indian Renewable Energy Development Agency Limited,INE202E01016,NSE,41748.13,Mid Cap
ANTHEM,Anthem Biosciences Limited,INE0CZ201020,NSE,41546.93,Mid Cap
CONCOR,Container Corporation Of India Ltd.,INE111A01025,NSE,41502.38,Mid Cap
M&MFIN,Mahindra & Mahindra Financial Services Limited,INE774D01024,NSE,41377.26,Mid Cap
NATIONALUM,National Aluminium Co. Ltd.,INE139A01034,NSE,41316.31,Mid Cap
DALBHARAT,DALMIA BHARAT LIMITED,INE00R701025,NSE,41111.58,Mid Cap
JUBLFOOD,Jubilant Foodworks Limited,INE797F01020,NSE,40944.93,Mid Cap
KAYNES,KAYNES TECHNOLOGY INDIA LIMITED,INE918Z01012,NSE,40327.47,Mid Cap
ESCORTS,Escorts Kubota Limited,INE042A01014,NSE,40132.44,Mid Cap
RADICO,Radico Khaitan Ltd.,INE944F01028,NSE,40109.43,Mid Cap
FLUOROCHEM,Gujarat Fluorochemicals Limited,INE09N301011,NSE,39095.75,Mid Cap
ENDURANCE,Endurance Technologies Limited,INE913H01037,NSE,38669.69,Mid Cap
KEI,KEI Industries Ltd.,INE878B01027,NSE,38633.05,Mid Cap
ASTRAL,ASTRAL LIMITED,INE006I01046,NSE,38628.27,Mid Cap
THERMAX,Thermax Ltd.,INE152A01029,NSE,38585.04,Mid Cap
PWL,Physicswallah Limited,INE0LP301011,NSE,38484.77,Mid Cap
UCOBANK,UCO Bank,INE691A01018,NSE,38060.15,Mid Cap
BLUESTARCO,Blue Star Ltd,INE472A01039,NSE,37851.2,Mid Cap
NH,Narayana Hrudayalaya Limited,INE410P01011,NSE,37850.07,Mid Cap
TATAINVEST,Tata Investment Corporation Ltd.,INE672A01026,NSE,37807.03,Mid Cap
GODREJIND,Godrej Industries Ltd.,INE233A01035,NSE,37681.7,Mid Cap
POONAWALLA,POONAWALLA FINCORP LIMITED,INE511C01022,NSE,36666.51,Mid Cap
CRISIL,CRISIL Ltd.,INE007A01025,NSE,36290.7,Mid Cap
KPRMILL,K.P.R. Mill Ltd.,INE930H01031,NSE,36171.07,Mid Cap
CHOLAHLDNG,CHOLAMANDALAM FINANCIAL HOLDINGS LIMITED,INE149A01033,NSE,35802.69,Mid Cap
3MINDIA,3M India Ltd.,INE470A01017,NSE,35775.29,Mid Cap
IPCALAB,Ipca Laboratories Ltd.,INE571A01038,NSE,35220.06,Mid Cap
PIRAMALFIN,Piramal Finance Limited,INE202B01038,NSE,35099.27,Mid Cap
APARINDS,Apar Industries Ltd,INE372A01015,NSE,34905.93,Mid Cap
SJVN,SJVN LIMITED,INE002L01015,NSE,34832.64,Mid Cap
MEDANTA,Global Health Limited,INE474Q01031,NSE,34758.38,Mid Cap
ACC,ACC Ltd,INE012A01025,NSE,34699.19,Small Cap
TATAELXSI,Tata Elxsi Ltd,INE670A01012,NSE,34603.64,Small Cap
NLCINDIA,NLC India Limited,INE589A01014,NSE,34425.86,Small Cap
AWL,AWL AGRI BUSINESS LIMITED,INE699H01024,NSE,33880.87,Small Cap
CENTRALBK,Central Bank of India,INE483A01010,NSE,33880.69,Small Cap
KPITTECH,KPIT Technologies Ltd,INE04I401011,NSE,33298.38,Small Cap
CDSL,Central Depository Services (India) Ltd.,INE736A01011,NSE,32985.81,Small Cap
DELHIVERY,Delhivery Limited,INE148O01028,NSE,32980.15,Small Cap
ASTERDM,Aster DM Healthcare Limited,INE914M01019,NSE,32947.58,Small Cap
EXIDEIND,Exide Industries Ltd.,INE302A01020,NSE,32936.45,Small Cap
GODIGIT,Go Digit General Insurance Limited,INE03JT01014,NSE,32606.66,Small Cap
HONAUT,Honeywell Automation India Ltd.,INE671A01010,NSE,32471.32,Small Cap
AJANTPHARM,Ajanta Pharma Ltd.,INE031B01049,NSE,32250.62,Small Cap
METROBRAND,Metro Brands Limited,INE317I01021,NSE,32064.27,Small Cap
AIAENG,AIA Engineering Ltd.,INE212H01026,NSE,31495.23,Small Cap
COHANCE,Cohance Lifesciences Limited,INE03QK01018,NSE,31441.39,Small Cap
LICHSGFIN,Lic Housing Finance Ltd.,INE115A01026,NSE,31410.67,Small Cap
GILLETTE,Gillette India Ltd.,INE322A01010,NSE,31177.53,Small Cap
GLAND,Gland Pharma Limited,INE068V01023,NSE,31066.86,Small Cap
APOLLOTYRE,Apollo Tyres Ltd,INE438A01022,NSE,30841.51,Small Cap
NIACL,The New India Assurance Company Limited,INE470Y01017,NSE,30191.5,Small Cap
NBCC,NBCC (India) Limited,INE095N01031,NSE,30065.13,Small Cap
ITI,ITI Limited (Indian Teleph.Ind.Ltd),INE248A01017,NSE,30012.77,Small Cap
HINDCOPPER,Hindustan Copper Ltd.,INE531E01026,NSE,29931.63,Small Cap
GRSE,Garden Reach Shipbuilders & Engineers Limited,INE382Z01011,NSE,29787.03,Small Cap
MSUMI,Motherson Sumi Wiring India Limited,INE0FS801015,NSE,29602.1,Small Cap
GUJENERGY,Gujarat Gas Limited,INE844O01030,NSE,29364.2,Small Cap
IGL,Indraprashtha Gas Ltd.,INE203G01027,NSE,29029.15,Small Cap
SONACOMS,Sona BLW Precision Forgings Limited,INE073K01018,NSE,28833.22,Small Cap
AEGISVOPAK,AEGIS VOPAK TERMINALS LIMITED,INE0INX01018,NSE,28634.44,Small Cap
KIMS,Krishna Institute of Medical Sciences Limited,INE967H01025,NSE,28471.05,Small Cap
TATATECH,Tata Technologies Limited,INE142M01025,NSE,27832.1,Small Cap
PINELABS,Pine Labs Limited,INE15B701018,NSE,27484.2,Small Cap
IKS,INVENTURUS KNOWLEDGE SOLUTIONS LIMITED,INE115Q01022,NSE,27304.23,Small Cap
ELITECON,ELITECON INTERNATIONAL LIMITED,INE669R01026,NSE,27167.07,Small Cap
STARHEALTH,Star Health and Allied Insurance Company Limited,INE575P01011,NSE,26980.34,Small Cap
TVSHLTD,TVS Holdings Limited,INE105A01035,NSE,26836.38,Small Cap
IRB,IRB Infrastructure Developers Limited,INE821I01022,NSE,26588.28,Small Cap
NAVINFLUOR,Navin Fluorine International Limited,INE048G01026,NSE,26561.23,Small Cap
SUMICHEM,SUMITOMO CHEMICAL INDIA LIMITED,INE258G01013,NSE,26462.62,Small Cap
AFFLE,AFFLE 3I LIMITED,INE00WC01027,NSE,26430.79,Small Cap
AEGISLOG,Aegis Logistics Ltd.,INE208C01025,NSE,26423.69,Small Cap
SYNGENE,Syngene International Limited,INE398R01022,NSE,26232.92,Small Cap
BANDHANBNK,Bandhan Bank Limited,INE545U01014,NSE,26208.99,Small Cap
EMCURE,Emcure Pharmaceuticals Limited,INE168P01015,NSE,26075.84,Small Cap
LALPATHLAB,Dr. Lal Pathlabs Limited,INE600L01024,NSE,26020.75,Small Cap
AMBER,Amber Enterprises India Limited,INE371P01015,NSE,26002.12,Small Cap
PPLPHARMA,PIRAMAL PHARMA LIMITED,INE0DK501011,NSE,25719.5,Small Cap
ZFCVINDIA,ZF Commercial Vehicle Control Systems India Limited,INE342J01019,NSE,25710.02,Small Cap
NUVAMA,Nuvama Wealth Management Limited,INE531F01023,NSE,25514.09,Small Cap
MRPL,Mangalore Refinery & Petrochemicals,INE103A01014,NSE,25242.62,Small Cap
RAMCOCEM,The Ramco Cements Limited,INE331A01037,NSE,25048.45,Small Cap
SHYAMMETL,Shyam Metalics and Energy Limited,INE810G01011,NSE,24910.76,Small Cap
EMAMILTD,Emami Ltd,INE548C01032,NSE,24474.72,Small Cap
FSL,Firstsource Solutions Ltd.,INE684F01012,NSE,24406.17,Small Cap
INOXWIND,Inox Wind Limited,INE066P01011,NSE,24300.5,Small Cap
DEEPAKNTR,Deepak Nitrite Limited,INE288B01029,NSE,24200.08,Small Cap
EIHOTEL,EIH Ltd,INE230A01023,NSE,23930.8,Small Cap
WOCKPHARMA,Wockhardt Ltd,INE049B01025,NSE,23917.62,Small Cap
PTCIL,PTC Industries Ltd.,INE596F01018,NSE,23914.55,Small Cap
PFIZER,Pfizer Ltd.,INE182A01018,NSE,23804.97,Small Cap
ANANDRATHI,Anand Rathi Wealth Limited,INE463V01026,NSE,23646.57,Small Cap
KIOCL,KIOCL Limited,INE880L01014,NSE,23628.12,Small Cap
MANAPPURAM,Manappuram Finance Limited,INE522D01027,NSE,23547.93,Small Cap
PNBHOUSING,PNB Housing Finance Limited,INE572E01012,NSE,23488.54,Small Cap
BRIGADE,Brigade Enterprises Limited,INE791I01019,NSE,23420.36,Small Cap
BAYERCROP,Bayer CropScience Limited.,INE462A01022,NSE,23405.2,Small Cap
ABSLAMC,Aditya Birla Sun Life AMC Limited,INE404A01024,NSE,23403.06,Small Cap
NSDL,National Securities Depository Limited,INE301O01023,BSE,23327.93,Small Cap
TIMKEN,Timken India Ltd,INE325A01013,NSE,23201.32,Small Cap
HSCL,Himadri Speciality Chemical Ltd.,INE019C01026,NSE,23187.58,Small Cap
FORCEMOT,Force Motors Limited,INE451A01017,NSE,23016.72,Small Cap
WELCORP,Welspun Corp Limited,INE191B01025,NSE,22985.44,Small Cap
TATACHEM,Tata Chemicals Ltd,INE092A01019,NSE,22735.57,Small Cap
ASAHIINDIA,Asahi India Glass Ltd.,INE439A01020,NSE,22695.8,Small Cap
ASTRAZEN,AstraZeneca Pharma India Ltd.,INE203A01020,NSE,22587.25,Small Cap
ERIS,Eris Lifesciences Limited,INE406M01024,NSE,22575.99,Small Cap
CESC,CESC Limited,INE486A01021,NSE,22519.78,Small Cap
HBLENGINE,HBL ENGINEERING LIMITED,INE292B01021,NSE,22518.28,Small Cap
SUNTV,SUN TV NETWORK LIMITED,INE424H01027,NSE,22229.99,Small Cap
KARURVYSYA,Karur Vysya Bank Ltd.,INE036D01028,NSE,22161.4,Small Cap
SAGILITY,Sagility Limited,INE0W2G01015,NSE,21899.85,Small Cap
JYOTICNC,Jyoti CNC Automation Limited,INE980O01024,NSE,21735.4,Small Cap
KEC,KEC International Ltd.,INE389H01022,NSE,21635.9,Small Cap
AADHARHFC,Aadhar Housing Finance Limited,INE883F01010,NSE,21631.63,Small Cap
IIFL,IIFL FINANCE LIMITED,INE530B01024,NSE,21399.02,Small Cap
REDINGTON,Redington Limited,INE891D01026,NSE,21393.34,Small Cap
HATSUN,Hatsun Agro Products Ltd.,INE473B01035,NSE,21362.07,Small Cap
CREDITACC,CreditAccess Grameen Ltd.,INE741K01010,NSE,21267.15,Small Cap
URBANCO,Urban Company Limited,INE0CAZ01013,NSE,21134.81,Small Cap
JSWHL,JSW Holdings Limited,INE824G01012,NSE,21058.08,Small Cap
PSB,PUNJAB & SIND BANK,INE608A01012,NSE,21025.85,Small Cap
ONESOURCE,Onesource Specialty Pharma Limited,INE013P01021,NSE,20905.1,Small Cap
KPIL,KALPATARU PROJECTS INTERNATIONAL LIMITED,INE220B01022,NSE,20882.01,Small Cap
ATHERENERG,Ather Energy Limited,INE0LEZ01016,NSE,20800.78,Small Cap
SUNDRMFAST,Sundram Fasteners Ltd.,INE387A01021,NSE,20687.05,Small Cap
ABREL,ADITYA BIRLA REAL ESTATE LIMITED,INE055A01016,NSE,20444.28,Small Cap
OLAELEC,Ola Electric Mobility Limited,INE0LXG01040,NSE,20390.6,Small Cap
CHALET,Chalet Hotels Limited,INE427F01016,NSE,20366.62,Small Cap
ANANTRAJ,Anant Raj Limited,INE242C01024,NSE,20345.19,Small Cap
CHAMBLFERT,Chambal Fertilisers & Chemicals Ltd,INE085A01013,NSE,20316.86,Small Cap
ECLERX,eClerx Services Limited,INE738I01010,NSE,20101.05,Small Cap
CASTROLIND,Castrol India Ltd,INE172A01027,NSE,19988.33,Small Cap
SCHNEIDER,SCHNEIDER ELECTRIC INFRASTRUCTURE LIMITED,INE839M01018,NSE,19958.37,Small Cap
POLYMED,Poly Medicure Ltd,INE205C01021,NSE,19949.29,Small Cap
DCMSHRIRAM,DCM Shriram Limited,INE499A01024,NSE,19789.3,Small Cap
DEVYANI,Devyani International Limited,INE872J01023,NSE,19643.5,Small Cap
BASF,BASF India Ltd,INE373A01013,NSE,19609.81,Small Cap
TENNIND,Tenneco Clean Air India Limited,INE19RI01016,NSE,19601.35,Small Cap
KANSAINER,Kansai Nerolac Paints,INE531A01024,NSE,19574.58,Small Cap
NEULANDLAB,Neuland Laboratories Limited.,INE794A01010,NSE,19315.73,Small Cap
CROMPTON,Crompton Greaves Consumer Electricals Limited,INE299U01018,NSE,19298.54,Small Cap
CAMS,Computer Age Management Services Limited,INE596I01020,NSE,19277.76,Small Cap
EIDPARRY,E.I.D. Parry (India) Ltd.,INE126A01031,NSE,19276.89,Small Cap
KFINTECH,KFin Technologies Limited,INE138Y01010,NSE,19259.38,Small Cap
RPOWER,Reliance Power Limited,INE614G01033,NSE,19182.92,Small Cap
BIKAJI,Bikaji Foods International Limited,INE00E101023,NSE,18637.99,Small Cap
KAJARIACER,Kajaria Ceramics Ltd,INE217B01036,NSE,18608.94,Small Cap
ATUL,Atul Limited.,INE100A01010,NSE,18556.0,Small Cap
SARDAEN,Sarda Energy & Minerals Ltd,INE385C01021,NSE,18465.88,Small Cap
APLLTD,ALEMBIC PHARMACEUTICALS LIMITED,INE901L01018,NSE,18407.13,Small Cap
DEEPAKFERT,Deepak Fertilizers &Petrochemicals,INE501A01019,NSE,18333.59,Small Cap
FIRSTCRY,Brainbees Solutions Limited,INE02RE01045,NSE,18304.09,Small Cap
JSWCEMENT,JSW CEMENT LIMITED,INE718I01012,NSE,18254.57,Small Cap
SAILIFE,Sai Life Sciences Limited,INE570L01029,NSE,18078.85,Small Cap
CGCL,Capri Global Capital Limited,INE180C01042,NSE,17988.86,Small Cap
ARE&M,Amara Raja Energy & Mobility Limited,INE885A01032,NSE,17872.5,Small Cap
GRINDWELL,Grindwell Norton Ltd.,INE536A01023,NSE,17856.69,Small Cap
VINATIORGA,Vinati Organics Ltd.,INE410B01037,NSE,17782.96,Small Cap
MAHSCOOTER,Maharashtra Scooters Ltd.,INE288A01013,NSE,17760.01,Small Cap
JUBLPHARMA,JUBILANT PHARMOVA LIMITED,INE700A01033,NSE,17703.25,Small Cap
ZENSARTECH,Zensar Technologies Ltd.,INE520A01027,NSE,17687.81,Small Cap
FIVESTAR,Five-Star Business Finance Ltd.,INE128S01021,NSE,17603.38,Small Cap
TRITURBINE,Triveni Turbine Limited,INE152M01016,NSE,17481.04,Small Cap
RBLBANK,RBL Bank Limited,INE976G01028,NSE,17436.08,Small Cap
CARBORUNIV,Carborundum Universal Ltd.,INE120A01034,NSE,17435.69,Small Cap
RATNAMANI,Ratnamani Metals & Tubes Ltd,INE703B01027,NSE,17325.31,Small Cap
PGEL,PG Electroplast Limited,INE457L01029,NSE,17279.31,Small Cap
NAVA,NAVA LIMITED,INE725A01030,NSE,17264.41,Small Cap
VENTIVE,Ventive Hospitality Limited,INE781S01027,NSE,17263.04,Small Cap
CUB,City Union Bank Ltd,INE491A01021,NSE,17205.66,Small Cap
CENTURYPLY,Century Plyboards (India) Ltd.,INE348B01021,NSE,17174.87,Small Cap
BEML,BEML Ltd,INE258A01024,NSE,16944.15,Small Cap
MANYAVAR,Vedant Fashions Limited,INE825V01034,NSE,16924.84,Small Cap
ABLBL,Aditya Birla Lifestyle Brands Limited,INE14LE01019,NSE,16914.59,Small Cap
NETWEB,NETWEB TECHNOLOGIES INDIA LIMITED,INE0NT901020,NSE,16708.98,Small Cap
TBOTEK,TBO TEK LIMITED,INE673O01025,NSE,16667.57,Small Cap
CONCORDBIO,Concord Biotech Limited,INE338H01029,NSE,16594.15,Small Cap
CPPLUS,Aditya Infotech Limited,INE819V01029,NSE,16507.09,Small Cap
TRAVELFOOD,TRAVEL FOOD SERVICES LIMITED,INE103V01028,NSE,16499.53,Small Cap
UTIAMC,UTI Asset Management Company Limited,INE094J01016,NSE,16423.46,Small Cap
SOBHA,Sobha Limited,INE671H01015,NSE,16409.07,Small Cap
LMW,LMW Limited,INE269B01029,NSE,16313.79,Small Cap
ACMESOLAR,ACME Solar Holdings Limited,INE622W01025,NSE,16264.0,Small Cap
IRCON,IRCON International Ltd,INE962Y01021,NSE,16191.11,Small Cap
GABRIEL,Gabriel India Ltd.,INE524A01029,NSE,16169.48,Small Cap
GMDCLTD,Gujarat Mineral Development Corpora,INE131A01031,NSE,16123.19,Small Cap
CRAFTSMAN,Craftsman Automation Limited,INE00LO01017,NSE,16017.41,Small Cap
CHOICEIN,Choice International Ltd,INE102B01014,NSE,15912.29,Small Cap
ELGIEQUIP,Elgi Equipments Ltd.,INE285A01027,NSE,15910.87,Small Cap
NATCOPHARM,Natco Pharma Ltd.,INE987B01026,NSE,15877.79,Small Cap
VGUARD,V-Guard Industries Ltd.,INE951I01027,NSE,15850.71,Small Cap
APTUS,Aptus Value Housing Finance India Limited,INE852O01025,NSE,15829.39,Small Cap
CIEINDIA,CIE Automotive India Limited,INE536H01010,NSE,15771.38,Small Cap
SIGNATURE,SIGNATUREGLOBAL (INDIA) LIMITED,INE903U01023,NSE,15770.01,Small Cap
TECHNOE,Techno Electric & Engineering Company Limited,INE285K01026,NSE,15740.69,Small Cap
WHIRLPOOL,Whirlpool of India Ltd,INE716A01013,NSE,15739.21,Small Cap
JMFINANCIL,JM Financial Limited,INE780C01023,NSE,15704.63,Small Cap
GPIL,GODAWARI POWER AND ISPAT LTD.,INE177H01039,NSE,15675.63,Small Cap
AFCONS,Afcons Infrastructure Limited,INE101I01011,NSE,15616.25,Small Cap
JSWDULUX,Akzo Nobel India Limited,INE133A01011,NSE,15608.4,Small Cap
ABDL,Allied Blenders and Distillers Limited,INE552Z01027,NSE,15522.95,Small Cap
CAPLIPOINT,Caplin Point Laboratories Ltd.,INE475E01026,NSE,15500.24,Small Cap
DATAPATTNS,Data Patterns (India) Limited,INE0IX101010,NSE,15269.37,Small Cap
IGIL,International Gemmological Institute India Limited,INE0Q9301021,NSE,15203.98,Small Cap
DOMS,DOMS Industries Limited,INE321T01012,NSE,15194.7,Small Cap
LTFOODS,LT Foods Limited,INE818H01020,NSE,15104.75,Small Cap
KIRLOSBROS,Kirloskar Brothers Ltd.,INE732A01036,NSE,15093.19,Small Cap
AGARWALEYE,Dr. Agarwal's Health Care Limited,INE943P01029,NSE,15078.57,Small Cap
JBMA,JBM Auto Limited,INE927D01051,NSE,15064.37,Small Cap
RRKABEL,R R KABEL LIMITED,INE777K01022,NSE,15034.31,Small Cap
GESHIP,Great Eastern Shipping Co. Ltd.,INE017A01032,NSE,14945.3,Small Cap
GALLANTT,GALLANTT ISPAT LIMITED,INE297H01019,NSE,14940.4,Small Cap
IFCI,IFCI Ltd.,INE039A01010,NSE,14854.61,Small Cap
NIVABUPA,NIVA BUPA HEALTH INSURANCE COMPANY LIMITED,INE995S01015,NSE,14765.78,Small Cap
INDIAMART,IndiaMART InterMESH Limited,INE933S01016,NSE,14757.04,Small Cap
PARADEEP,Paradeep Phosphates Limited,INE088F01024,NSE,14712.57,Small Cap
CEATLTD,Ceat Ltd.,INE482A01020,NSE,14685.86,Small Cap
TRIDENT,Trident Ltd,INE064C01022,NSE,14664.38,Small Cap
RAINBOW,Rainbow Children's Medicare Limited,INE961O01016,NSE,14494.92,Small Cap
INTELLECT,INTELLECT DESIGN ARENA LIMITED,INE306R01017,NSE,14480.72,Small Cap
SYRMA,Syrma SGS Technology Limited,INE0DYJ01015,NSE,14477.29,Small Cap
FINEORG,Fine Organic Industries Limited,INE686Y01026,NSE,14437.36,Small Cap
BATAINDIA,Bata India Limited,INE176A01028,NSE,14409.76,Small Cap
NUVOCO,Nuvoco Vistas Corporation Limited,INE118D01016,NSE,14409.65,Small Cap
SWANCORP,Swan Corp Limited,INE665A01038,NSE,14374.59,Small Cap
KIRLOSENG,Kirloskar Oil Engines Limited,INE146L01010,NSE,14318.36,Small Cap
BLS,BLS International Services Ltd,INE153T01027,NSE,14269.72,Small Cap
AARTIIND,Aarti Industries Ltd,INE769A01020,NSE,14251.43,Small Cap
THELEELA,Leela Palaces Hotels & Resorts Limited,INE0AQ201015,NSE,14179.96,Small Cap
EMMVEE,Emmvee Photovoltaic Power Limited,INE1C6T01020,NSE,14165.69,Small Cap
SPLPETRO,Supreme Petrochem Ltd.,INE663A01033,NSE,14134.65,Small Cap
BLUEDART,Blue Dart Express Ltd.,INE233B01017,NSE,14035.83,Small Cap
ZYDUSWELL,Zydus Wellness Limited,INE768C01028,NSE,14012.13,Small Cap
KSB,KSB LIMITED,INE999A01023,NSE,13965.8,Small Cap
PCBL,PCBL Chemical Limited,INE602A01031,NSE,13920.09,Small Cap
JWL,JUPITER WAGONS LIMITED,INE209L01016,NSE,13827.32,Small Cap
CEMPRO,Cemindia Projects Limited,INE686A01026,NSE,13795.98,Small Cap
ZENTEC,Zen Technologies Ltd.,INE251B01027,NSE,13550.89,Small Cap
JAINREC,Jain Resource Recycling Limited,INE0YD401026,NSE,13341.2,Small Cap
IEX,Indian Energy Exchange Limited,INE022Q01020,NSE,13318.8,Small Cap
GODREJAGRO,Godrej Agrovet Limited,INE850D01014,NSE,13317.12,Small Cap
BBTC,The Bombay Burmah Trading Corporation Ltd.,INE050A01025,NSE,13254.97,Small Cap
CYIENT,Cyient Limited,INE136B01020,NSE,13216.71,Small Cap
INDGN,Indegene Limited,INE065X01017,NSE,13214.2,Small Cap
AAVAS,AAVAS Financiers Limited,INE216P01012,NSE,13171.39,Small Cap
MINDACORP,Minda Corporation Limited,INE842C01021,NSE,13121.06,Small Cap
BELRISE,BELRISE INDUSTRIES LIMITED,INE894V01022,NSE,13107.03,Small Cap
JPPOWER,Jaiprakash Power Ventures Limited,INE351F01018,NSE,13058.94,Small Cap
TARIL,Transformers and Rectifiers (India) Limited,INE763I01026,NSE,13005.38,Small Cap
NEWGEN,Newgen Software Technologies Limited,INE619B01017,NSE,12925.94,Small Cap
ANURAS,Anupam Rasayan India Limited,INE930P01018,NSE,12895.63,Small Cap
GRANULES,Granules India Ltd.,INE101D01020,NSE,12803.66,Small Cap
HOMEFIRST,Home First Finance Company India Limited,INE481N01025,NSE,12791.17,Small Cap
GRAVITA,GRAVITA INDIA LIMITED,INE024L01027,NSE,12785.21,Small Cap
MGL,Mahanagar Gas Limited,INE002S01010,NSE,12769.17,Small Cap
USHAMART,Usha Martin Ltd.,INE228A01035,NSE,12708.59,Small Cap
TEGA,Tega Industries Limited,INE011K01018,NSE,12689.61,Small Cap
LEMONTREE,Lemon Tree Hotels Limited,INE970X01018,NSE,12684.47,Small Cap
VTL,Vardhman Textiles Limted,INE825A01020,NSE,12678.56,Small Cap
NCC,NCC Limited,INE868B01028,NSE,12650.09,Small Cap
FINCABLES,Finolex Cables Ltd.,INE235A01022,NSE,12636.4,Small Cap
ACE,Action Construction Equipments Ltd.,INE731H01025,NSE,12619.19,Small Cap
SKFINDUS,SKF INDIA (INDUSTRIAL) LIMITED,INE2J8701016,NSE,12617.93,Small Cap
EMBDL,EMBASSY DEVELOPMENTS LIMITED,INE069I01010,NSE,12573.46,Small Cap
ELECON,Elecon Engineering Co.Ltd.,INE205B01031,NSE,12486.37,Small Cap
JINDALSAW,Jindal Saw Ltd.,INE324A01032,NSE,12425.99,Small Cap
WELSPUNLIV,WELSPUN LIVING LIMITED,INE192B01031,NSE,12330.72,Small Cap
NSLNISP,NMDC Steel Limited,INE0NNS01018,NSE,12250.22,Small Cap
ACUTAAS,ACUTAAS CHEMICALS LIMITED,INE00FF01025,NSE,12190.94,Small Cap
RITES,RITES Limited,INE320J01015,NSE,12178.21,Small Cap
CCL,CCL Products (India) Ltd.,INE421D01022,NSE,12165.04,Small Cap
FINPIPE,Finolex Industries Ltd.,INE183A01024,NSE,12093.44,Small Cap
SAMMAANCAP,Sammaan Capital Limited,INE148I01020,NSE,12088.26,Small Cap
INGERRAND,Ingersoll-Rand (India) Ltd.,INE177A01018,NSE,12067.59,Small Cap
INDIACEM,India Cements Ltd.,INE383A01012,NSE,12015.52,Small Cap
BLUEJET,Blue Jet Healthcare Limited,INE0KBH01020,NSE,11961.67,Small Cap
CARTRADE,CarTrade Tech Limited,INE290S01011,NSE,11959.93,Small Cap
CHENNPETRO,Chennai Petroleum Corporation Ltd.,INE178A01016,NSE,11919.24,Small Cap
TSFINV,TSF Investments Ltd.,INE202Z01029,NSE,11907.24,Small Cap
SBFC,SBFC Finance Limited,INE423Y01016,NSE,11880.57,Small Cap
CANHLIFE,Canara HSBC Life Insurance Company Limited,INE01TY01017,NSE,11800.84,Small Cap
RAILTEL,RailTel Corporation of India Limited,INE0DD101019,NSE,11782.9,Small Cap
CLEAN,Clean Science and Technology Limited,INE227W01023,NSE,11732.12,Small Cap
TITAGARH,TITAGARH RAIL SYSTEMS LIMITED,INE615H01020,NSE,11721.11,Small Cap
JYOTHYLAB,JYOTHY LABS LIMITED,INE668F01031,NSE,11720.07,Small Cap
SHRIPISTON,SHRIRAM PISTONS & RINGS LTD,INE526E01018,NSE,11710.5,Small Cap
ALIVUS,ALIVUS LIFE SCIENCES LIMITED,INE03Q201024,NSE,11606.04,Small Cap
ENGINERSIN,Engineers India Ltd.,INE510A01028,NSE,11602.13,Small Cap
J&KBANK,Jammu and Kashmir Bank Ltd.,INE168A01041,NSE,11564.86,Small Cap
OLECTRA,OLECTRA GREENTECH LIMITED,INE260D01016,NSE,11559.15,Small Cap
GRINFRA,G R Infraprojects Limited,INE201P01022,NSE,11555.74,Small Cap
SANOFI,Sanofi India Ltd,INE058A01010,NSE,11412.18,Small Cap
JUBLINGREA,Jubilant Ingrevia Limited,INE0BY001018,NSE,11410.91,Small Cap
SANOFICONR,Sanofi Consumer Healthcare India Limited,INE0UOS01011,NSE,11297.34,Small Cap
EUREKAFORB,Eureka Forbes Limited,INE0KCE01017,NSE,11219.3,Small Cap
WAAREERTL,WAAREE RENEWABLE TECHNOLOGIES LIMITED,INE299N01021,NSE,11171.82,Small Cap
RELAXO,Relaxo Footwears Ltd.,INE131B01039,NSE,11144.85,Small Cap
PRUDENT,Prudent Corporate Advisory Services Limited,INE00F201020,NSE,11144.07,Small Cap
VIKRAMSOLR,Vikram Solar Limited,INE078V01014,NSE,11036.27,Small Cap
TTML,Tata Teleservices (Maharashtra) Ltd.,INE517B01013,NSE,11030.14,Small Cap
CANFINHOME,Can Fin Homes Ltd.,INE477A01020,NSE,10932.6,Small Cap
BSOFT,BIRLASOFT LIMITED,INE836A01035,NSE,10898.59,Small Cap
GRAPHITE,Graphite India Ltd.,INE371A01025,NSE,10877.06,Small Cap
JKTYRE,JK Tyre & Industries Ltd.,INE573A01042,NSE,10822.73,Small Cap
BLACKBUCK,BlackBuck Limited,INE0UIZ01018,NSE,10777.45,Small Cap
ZEEL,Zee Entertainment Enterprises Ltd.,INE256A01028,NSE,10743.67,Small Cap
SAFARI,Safari Industries (India) Ltd.,INE429E01023,NSE,10741.33,Small Cap
INOXINDIA,INOX India Limited,INE616N01034,NSE,10690.61,Small Cap
HFCL,HFCL LIMITED,INE548A01028,NSE,10686.68,Small Cap
RUBICON,RUBICON RESEARCH LIMITED,INE506V01022,NSE,10637.82,Small Cap
PVRINOX,PVR INOX LIMITED,INE191H01014,NSE,10616.81,Small Cap
JKLAKSHMI,JK Lakshmi Cement Limited,INE786A01032,NSE,10568.44,Small Cap
SCI,Shipping Corporation Of India Ltd,INE109A01011,NSE,10561.84,Small Cap
VIJAYA,Vijaya Diagnostic Centre Limited,INE043W01024,NSE,10550.68,Small Cap
PRIVISCL,PRIVI SPECIALITY CHEMICALS LIMITED,INE959A01019,NSE,10532.08,Small Cap
SONATSOFTW,Sonata Software Ltd.,INE269A01021,NSE,10505.85,Small Cap
AETHER,Aether Industries Limited,INE0BWX01014,NSE,10421.83,Small Cap
AZAD,Azad Engineering Limited,INE02IJ01035,NSE,10421.52,Small Cap
NAZARA,Nazara Technologies Limited,INE418L01047,NSE,10419.83,Small Cap
EDELWEISS,Edelweiss Financial Services Ltd.,INE532F01054,NSE,10411.38,Small Cap
METROPOLIS,Metropolis Healthcare Limited,INE112L01020,NSE,10326.35,Small Cap
IXIGO,Le Travenues Technology Limited,INE0HV901016,NSE,10323.29,Small Cap
LLOYDSENT,LLOYDS ENTERPRISES LIMITED,INE080I01025,NSE,10254.95,Small Cap
BALRAMCHIN,Balrampur Chini Mills Ltd.,INE119A01028,NSE,10252.75,Small Cap
VESUVIUS,Vesuvius India Ltd.,INE386A01023,NSE,10245.99,Small Cap
WESTLIFE,WESTLIFE FOODWORLD LIMITED,INE274F01020,NSE,10239.74,Small Cap
RKFORGE,ramkrishna forgings Ltd.,INE399G01023,NSE,10237.08,Small Cap
GENUSPOWER,Genus Power Infrastructures Ltd,INE955D01029,NSE,10142.42,Small Cap
STARCEMENT,Star Cement Limited,INE460H01021,NSE,10112.38,Small Cap
HEG,HEG Ltd.,INE545A01024,NSE,10079.19,Small Cap
PGHL,PROCTER & GAMBLE HEALTH LIMITED,INE199A01012,NSE,10015.49,Small Cap
TIMETECHNO,Time Technoplast Limited,INE508G01029,NSE,10000.56,Small Cap
RELINFRA,Reliance Infrastructure Ltd,INE036A01016,NSE,9995.01,Small Cap
TEJASNET,Tejas Networks Limited,INE010J01012,NSE,9993.56,Small Cap
ALKYLAMINE,Alkyl Amines Chemicals Ltd.,INE150B01039,NSE,9990.72,Small Cap
SHAILY,Shaily Engineering Plastics Ltd.,INE151G01028,NSE,9987.37,Small Cap
BANCOINDIA,Banco Products (India) Ltd.,INE213C01025,NSE,9931.98,Small Cap
RRP,RRP SEMICONDUCTOR LIMITED,INE713N01013,BSE,9902.7,Small Cap
AVANTIFEED,Avanti Feeds ltd.,INE871C01038,NSE,9879.4,Small Cap
IIFLCAPS,IIFL CAPITAL SERVICES LIMITED,INE489L01022,NSE,9860.51,Small Cap
SHAKTIPUMP,Shakti Pumps (India) Ltd.,INE908D01010,NSE,9856.96,Small Cap
ASKAUTOLTD,ASK Automotive Limited,INE491J01022,NSE,9832.09,Small Cap
MEDPLUS,Medplus Health Services Limited,INE804L01022,NSE,9823.05,Small Cap
SKFINDIA,SKF India Ltd.,INE640A01023,NSE,9785.0,Small Cap
ABFRL,Aditya Birla Fashion and Retail Limited,INE647O01011,NSE,9755.82,Small Cap
MMTC,MMTC Ltd.,INE123F01029,NSE,9732.37,Small Cap
SUDARSCHEM,Sudarshan Chemical Indus. Ltd.,INE659A01023,NSE,9732.06,Small Cap
RHIM,RHI MAGNESITA INDIA LIMITED,INE743M01012,NSE,9722.33,Small Cap
AEQUS,Aequs Limited,INE947N01017,NSE,9688.59,Small Cap
INDIASHLTR,India Shelter Finance Corporation Limited,INE922K01024,NSE,9618.84,Small Cap
ASTRAMICRO,Astra Microwave Products Ltd.,INE386C01029,NSE,9592.83,Small Cap
KPIGREEN,KPI Green Energy Limited,INE542W01025,NSE,9517.72,Small Cap
TRANSRAILL,Transrail Lighting Limited,INE454P01035,NSE,9513.28,Small Cap
KAMAHOLD,Kama Holdings Limited,INE411F01010,NSE,9505.36,Small Cap
BIRLACORPN,Birla Corporation Ltd.,INE340A01012,NSE,9493.02,Small Cap
SAPPHIRE,Sapphire Foods India Limited,INE806T01020,NSE,9451.6,Small Cap
MAPMYINDIA,C.E. Info Systems Limited,INE0BV301023,NSE,9436.57,Small Cap
UJJIVANSFB,Ujjivan Small Finance Bank Limited,INE551W01018,NSE,9432.06,Small Cap
HCG,HealthCare Global Enterprises Limited,INE075I01017,NSE,9414.26,Small Cap
NESCO,Nesco Ltd,INE317F01035,NSE,9356.29,Small Cap
HAPPYFORGE,Happy Forgings Limited,INE330T01021,NSE,9253.61,Small Cap
HONASA,Honasa Consumer Limited,INE0J5401028,NSE,9245.61,Small Cap
KRBL,KRBL Ltd.,INE001B01026,NSE,9180.07,Small Cap
JSLL,Jeena Sikho Lifecare Limited,INE0J5801029,NSE,9140.19,Small Cap
VARROC,Varroc Engineering Limited,INE665L01035,NSE,9139.36,Small Cap
SANSERA,Sansera Engineering Limited,INE953O01021,NSE,9113.45,Small Cap
LATENTVIEW,Latent View Analytics Limited,INE0I7C01011,NSE,9085.14,Small Cap
BLUESTONE,BlueStone Jewellery and Lifestyle Limited,INE304W01038,NSE,9026.31,Small Cap
WABAG,VA Tech Wabag Limited,INE956G01038,NSE,9013.5,Small Cap
TI,Tilaknagar Industries Ltd,INE133E01013,NSE,9009.23,Small Cap
BENGALASM,Bengal & Assam Company Limited,INE083K01017,NSE,8958.97,Small Cap
ALOKINDS,Alok Industries Ltd.,INE270A01029,NSE,8930.3,Small Cap
SANDUMA,Sandur Manganese & Iron Ores Ltd.,INE149K01016,NSE,8927.55,Small Cap
TTKPRESTIG,TTK Prestige Ltd.,INE690A01028,NSE,8856.33,Small Cap
MARKSANS,Marksans Pharma Ltd.,INE750C01026,NSE,8843.08,Small Cap
TCI,Transport Corporation of India Ltd,INE688A01022,NSE,8828.98,Small Cap
LLOYDSENGG,LLOYDS ENGINEERING WORKS LIMITED,INE093R01011,NSE,8823.69,Small Cap
BBOX,BLACK BOX LIMITED,INE676A01027,NSE,8799.66,Small Cap
POWERMECH,Power Mech Projects Limited,INE211R01019,NSE,8794.22,Small Cap
ORKLAINDIA,Orkla India Limited,INE16NZ01023,NSE,8782.24,Small Cap
SOUTHBANK,South Indian Bank Ltd.,INE683A01023,NSE,8751.34,Small Cap
LOTUSDEV,Sri Lotus Developers and Realty Limited,INE0V9Q01010,NSE,8688.08,Small Cap
JAIBALAJI,Jai Balaji Industries Limited,INE091G01026,NSE,8648.49,Small Cap
SAREGAMA,Saregama India Ltd.,INE979A01025,NSE,8635.66,Small Cap
KIRLFER,Kirloskar Ferrous Industries Ltd.,INE884B01025,NSE,8620.59,Small Cap
PCJEWELLER,PC JEWELLER LIMITED,INE785M01021,NSE,8540.57,Small Cap
LUMAXTECH,Lumax Auto Technologies Ltd.,INE872H01027,NSE,8476.72,Small Cap
CORONA,Corona Remedies Limited,INE02ZQ01018,NSE,8453.9,Small Cap
TANLA,TANLA PLATFORMS LIMITED,INE483C01032,NSE,8412.33,Small Cap
DBREALTY,VALOR ESTATE LIMITED,INE879I01012,NSE,8402.82,Small Cap
MANORAMA,Manorama Industries Limited,INE00VM01036,NSE,8394.9,Small Cap
ARVIND,Arvind Ltd.,INE034A01011,NSE,8381.28,Small Cap
ELANTAS,Elantas Beck India Ltd,INE280B01018,NSE,8368.91,Small Cap
APOLLO,Apollo Micro Systems Limited,INE713T01028,NSE,8363.64,Small Cap
PNGJL,P N GADGIL JEWELLERS LIMITED,INE953R01016,NSE,8328.88,Small Cap
MAHSEAMLES,Maharashtra Seamless Ltd.,INE271B01025,NSE,8327.67,Small Cap
HAPPSTMNDS,Happiest Minds Technologies Limited,INE419U01012,NSE,8327.38,Small Cap
CAMPUS,Campus Activewear Limited,INE278Y01022,NSE,8325.66,Small Cap
RELIGARE,Religare Enterprises Ltd,INE621H01010,NSE,8325.0,Small Cap
GMRP&UI,GMR Power and Urban Infra Limited,INE0CU601026,NSE,8320.44,Small Cap
BECTORFOOD,Mrs. Bectors Food Specialities Limited,INE495P01020,NSE,8292.91,Small Cap
WEWORK,WeWork India Management Limited,INE085001019,NSE,8223.6,Small Cap
RCF,Rashtriya Chemicals & Fertilizers Limited,INE027A01015,NSE,8221.34,Small Cap
ESABINDIA,Esab India Ltd.,INE284A01012,NSE,8217.72,Small Cap
VOLTAMP,VOLTAMP TRANSFORMERS LIMITED,INE540H01012,NSE,8127.11,Small Cap
STAR,STRIDES PHARMA SCIENCE LIMITED,INE939A01011,NSE,8101.8,Small Cap
GALAXYSURF,Galaxy Surfactants Limited,INE600K01018,NSE,8083.87,Small Cap
MAHLIFE,Mahindra Lifespace Developers Ltd.,INE813A01018,NSE,8034.19,Small Cap
GPPL,Gujarat Pipavav Port Limited,INE517F01014,NSE,8015.14,Small Cap
OSWALPUMPS,Oswal Pumps Limited,INE0BYP01024,NSE,8000.59,Small Cap
SHARDACROP,Sharda Cropchem Limited,INE221J01015,NSE,8000.3,Small Cap
DODLA,Dodla Dairy Limited,INE021O01019,NSE,7929.51,Small Cap
NETWORK18,Network 18 Media & Investments Limited,INE870H01013,NSE,7922.16,Small Cap
DIACABS,Diamond Power Infrastructure Limited,INE989C01038,NSE,7903.2,Small Cap
GRWRHITECH,GARWARE HI-TECH FILMS LIMITED,INE291A01017,NSE,7871.36,Small Cap
CERA,Cera Sanitaryware Ltd.,INE739E01017,NSE,7863.84,Small Cap
BORORENEW,BOROSIL RENEWABLES LIMITED,INE666D01022,NSE,7835.81,Small Cap
KALPATARU,Kalpataru Limited,INE227J01012,NSE,7828.66,Small Cap
TRIVENI,Triveni Engineering & Industries Ltd,INE256C01024,NSE,7821.78,Small Cap
GSFC,Gujarat State Fertilizers & Chem.Ltd,INE026A01025,NSE,7800.27,Small Cap
GARFIBRES,GARWARE TECHNICAL FIBRES LIMITED,INE276A01018,NSE,7780.7,Small Cap
ACI,Archean Chemical Industries Limited,INE128X01021,NSE,7771.97,Small Cap
SHILPAMED,Shilpa Medicare Ltd.,INE790G01031,NSE,7654.01,Small Cap
DBL,Dilip Buildcon Limited,INE917M01012,NSE,7636.26,Small Cap
MAXESTATES,Max Estates Limited,INE03EI01018,NSE,7578.58,Small Cap
THOMASCOOK,Thomas Cook (India) Ltd.,INE332A01027,NSE,7550.36,Small Cap
SUDEEPPHRM,Sudeep Pharma Limited,INE0QPI01025,NSE,7545.56,Small Cap
AARTIPHARM,Aarti Pharmalabs Limited,INE0LRU01027,NSE,7527.49,Small Cap
GNFC,Gujarat Narmada Valley Fert.Co.Ltd,INE113A01013,NSE,7519.97,Small Cap
THANGAMAYL,Thangamayil Jewellery Limited,INE085J01014,NSE,7506.02,Small Cap
PRSMJOHNSN,PRISM JOHNSON LIMITED.,INE010A01011,NSE,7482.28,Small Cap
RUSTOMJEE,Keystone Realtors Limited,INE263M01029,NSE,7449.16,Small Cap
AKUMS,Akums Drugs and Pharmaceuticals Limited,INE09XN01023,NSE,7432.87,Small Cap
AJAXENGG,AJAX Engineering Limited,INE274Y01021,NSE,7404.96,Small Cap
ETHOSLTD,ETHOS LIMITED,INE04TZ01018,NSE,7390.21,Small Cap
PNCINFRA,PNC Infratech Limited,INE195J01029,NSE,7383.13,Small Cap
PFOCUS,Prime Focus Limited,INE367G01038,NSE,7377.03,Small Cap
FDC,FDC Ltd.,INE258B01022,NSE,7371.27,Small Cap
REDTAPE,REDTAPE Limited,INE0LXT01019,NSE,7349.72,Small Cap
TMB,Tamilnad Mercantile Bank Limited,INE668A01016,NSE,7313.17,Small Cap
TIPSMUSIC,TIPS MUSIC LIMITED,INE716B01029,NSE,7281.52,Small Cap
ATLANTAELE,Atlanta Electricals Limited,INE0Z4F01028,NSE,7260.43,Small Cap
EPIGRAL,Epigral Limited,INE071N01016,NSE,7236.43,Small Cap
INOXGREEN,INOX GREEN ENERGY SERVICES LIMITED,INE510W01014,NSE,7233.95,Small Cap
SFL,Sheela Foam Limited,INE916U01025,NSE,7209.98,Small Cap
MASTEK,Mastek Limited,INE759A01021,NSE,7204.82,Small Cap
BALUFORGE,BALU FORGE INDUSTRIES LIMITED,INE011E01029,NSE,7199.13,Small Cap
RTNINDIA,RATTANINDIA ENTERPRISES LIMITED,INE834M01019,NSE,7199.1,Small Cap
MOIL,MOIL Limited,INE490G01020,NSE,7198.71,Small Cap
GANESHHOU,GANESH HOUSING LIMITED,INE460C01014,NSE,7198.17,Small Cap
WELENT,Welspun Enterprises Limited,INE625G01013,NSE,7121.42,Small Cap
RAYMONDLSL,Raymond Lifestyle Limited,INE02ID01020,NSE,7113.26,Small Cap
ISGEC,ISGEC Heavy Engineering Limited,INE858B01029,NSE,7077.91,Small Cap
PRAJIND,Praj Industries Ltd.,INE074A01025,NSE,7072.03,Small Cap
RATEGAIN,RateGain Travel Technologies Limited,INE0CLI01024,NSE,7055.97,Small Cap
MIDHANI,Mishra Dhatu Nigam Limited,INE099Z01011,NSE,7042.63,Small Cap
KTKBANK,Karnataka Bank Ltd.,INE614B01018,NSE,6990.04,Small Cap
CSBBANK,CSB Bank Limited,INE679A01013,NSE,6966.07,Small Cap
EPL,EPL LIMITED,INE255A01020,NSE,6949.57,Small Cap
AURIONPRO,Aurionpro Solutions Ltd.,INE132H01018,NSE,6924.32,Small Cap
JUSTDIAL,Just Dial Limited,INE599M01018,NSE,6871.96,Small Cap
MHRIL,Mahindra Holidays & Resorts India Limited,INE998I01010,NSE,6856.84,Small Cap
THYROCARE,Thyrocare Technologies Limited,INE594H01019,NSE,6844.38,Small Cap
ARVINDFASN,Arvind Fashions Limited,INE955V01021,NSE,6842.34,Small Cap
KOVAI,Kovai Medical Center & Hospital Ltd,INE177F01017,NSE,6783.58,Small Cap
EQUITASBNK,Equitas Small Finance Bank Limited,INE063P01018,NSE,6724.65,Small Cap
ELLEN,ELLENBARRIE INDUSTRIAL GASES LIMITED,INE236E01022,NSE,6712.66,Small Cap
CMSINFO,CMS Info Systems Limited,INE925R01014,NSE,6692.09,Small Cap
PGIL,Pearl Global Industries Limited,INE940H01022,NSE,6665.88,Small Cap
DHANUKA,Dhanuka Agritech Ltd.,INE435G01025,NSE,6648.1,Small Cap
SYMPHONY,Symphony Limited,INE225D01027,NSE,6551.81,Small Cap
CUPID,Cupid Limited,INE509F01029,NSE,6516.32,Small Cap
AHLUCONT,Ahluwalia Contracts (India) Ltd,INE758C01029,NSE,6515.88,Small Cap
IFBIND,IFB Industries Limited,INE559A01017,NSE,6479.94,Small Cap
PARKHOSPS,PARK MEDI WORLD LIMITED,INE119201023,NSE,6445.53,Small Cap
BAJAJELEC,Bajaj Electricals Ltd.,INE193E01025,NSE,6445.3,Small Cap
JKPAPER,JK Paper Ltd.,INE789E01012,NSE,6436.64,Small Cap
PRICOLLTD,Pricol Limited,INE726V01018,NSE,6432.81,Small Cap
HNDFDS,Hindustan Foods Ltd.,INE254N01026,NSE,6377.77,Small Cap
AVALON,Avalon Technologies Limited,INE0LCL01028,NSE,6366.53,Small Cap
SURYAROSNI,Surya Roshni Ltd.,INE335A01020,NSE,6361.78,Small Cap
PURVA,Puravankara Limited,INE323I01011,NSE,6353.77,Small Cap
UTLSOLAR,Fujiyama Power Systems Limited,INE12UR01024,NSE,6341.89,Small Cap
AVL,Aditya Vision Limited,INE679V01027,NSE,6325.8,Small Cap
RTNPOWER,RattanIndia Power Limited,INE399K01017,NSE,6316.31,Small Cap
RENUKA,Shree Renuka Sugars Ltd.,INE087H01022,NSE,6285.39,Small Cap
GREENLAM,Greenlam Industries Ltd,INE544R01021,NSE,6283.63,Small Cap
SUPRAJIT,Suprajit Engineering Ltd.,INE399C01030,NSE,6274.12,Small Cap
JAYNECOIND,Jayaswal Neco Industries Ltd,INE854B01010,NSE,6255.71,Small Cap
VMART,V-Mart Retail Limited,INE665J01013,NSE,6204.43,Small Cap
IONEXCHANG,Ion Exchange (India) Ltd,INE570A01022,NSE,6177.97,Small Cap
SUNTECK,Sunteck Realty Ltd,INE805D01034,NSE,6169.57,Small Cap
JUNIPER,Juniper Hotels Limited,INE696F01016,NSE,6162.89,Small Cap
WAKEFIT,Wakefit Innovations Limited,INE0E7301029,NSE,6152.54,Small Cap
HGINFRA,H.G. Infra Engineering Limited,INE926X01010,NSE,6147.39,Small Cap
ICRA,ICRA Limited,INE725G01011,NSE,6140.64,Small Cap
SUBROS,Subros Ltd.,INE287B01021,NSE,6125.88,Small Cap
AXISCADES,AXISCADES TECHNOLOGIES LIMITED,INE555B01013,NSE,6081.48,Small Cap
CRAMC,Canara Robeco Asset Management Company Limited,INE218I01013,NSE,6073.85,Small Cap
RALLIS,Rallis India Ltd,INE613A01020,NSE,6039.29,Small Cap
GOKEX,Gokaldas Exports Ltd,INE887G01027,NSE,6020.53,Small Cap
GULFOILLUB,Gulf Oil Lubricants India Limited,INE635Q01029,NSE,6012.29,Small Cap
MTARTECH,MTAR Technologies Limited,INE864I01014,NSE,6012.22,Small Cap
CHEMPLASTS,Chemplast Sanmar Limited,INE488A01050,NSE,5980.3,Small Cap
ASHAPURMIN,Ashapura Minechem Ltd,INE348A01023,NSE,5957.91,Small Cap
SHARDAMOTR,Sharda Motor Industries Ltd,INE597I01028,NSE,5946.2,Small Cap
MANINFRA,MAN INFRACONSTRUCTION LIMITED,INE949H01023,NSE,5935.7,Small Cap
PICCADIL,Piccadily Agro Industries ltd.,INE546C01010,NSE,5924.72,Small Cap
INDIAGLYCO,India Glycols Ltd,INE560A01023,NSE,5917.63,Small Cap
VIPIND,V.I.P. Industries Ltd.,INE054A01027,NSE,5893.11,Small Cap
ELECTCAST,Electrosteel Castings Ltd.,INE086A01029,NSE,5877.82,Small Cap
TIIL,Technocraft Industries (India) Ltd.,INE545H01011,NSE,5864.67,Small Cap
PILANIINVS,Pilani Investment And Industries Corporation Limited,INE417C01014,NSE,5810.98,Small Cap
SMARTWORKS,SMARTWORKS COWORKING SPACES LIMITED,INE0NAZ01010,NSE,5801.92,Small Cap
IMFA,Indian Metals & Ferro Alloys Limited,INE919H01018,NSE,5772.89,Small Cap
SUPRIYA,Supriya Lifescience Limited,INE07RO01027,NSE,5758.71,Small Cap
PARAS,Paras Defence and Space Technologies Limited,INE045601023,NSE,5720.33,Small Cap
GHCL,GHCL Ltd.,INE539A01019,NSE,5706.76,Small Cap
SAATVIKGL,Saatvik Green Energy Limited,INE13B501022,NSE,5696.27,Small Cap
MASFIN,MAS Financial Services Limited,INE348L01012,NSE,5663.35,Small Cap
TEXRAIL,Texmaco Rail & Engineering Limited,INE621L01012,NSE,5639.7,Small Cap
SKIPPER,Skipper Limited,INE439E01022,NSE,5621.1,Small Cap
RAJESHEXPO,Rajesh Exports Ltd.,INE343B01030,NSE,5609.72,Small Cap
STLTECH,Sterlite Technologies Limited.,INE089C01029,NSE,5608.57,Small Cap
SENCO,Senco Gold Limited,INE602W01027,NSE,5559.45,Small Cap
FISCHER,FISCHER MEDICAL VENTURES LIMITED,INE771F01041,NSE,5550.12,Small Cap
STYL,Seshaasai Technologies Limited,INE04VU01023,NSE,5542.96,Small Cap
KSCL,Kaveri Seed Company Ltd,INE455I01029,NSE,5536.03,Small Cap
EMUDHRA,eMudhra Limited,INE01QM01018,NSE,5527.17,Small Cap
ICIL,Indo Count Industries Ltd,INE483B01026,NSE,5515.62,Small Cap
SHOPERSTOP,Shoppers Stop Ltd,INE498B01024,NSE,5497.82,Small Cap
INDIGOPNTS,Indigo Paints Limited,INE09VQ01012,NSE,5493.35,Small Cap
FIEMIND,FIEM INDUSTRIES LIMITED,INE737H01014,NSE,5481.62,Small Cap
TVSSCS,TVS Supply Chain Solutions Limited,INE395N01027,NSE,5471.21,Small Cap
RESPONIND,Responsive Industries Ltd,INE688D01026,NSE,5455.64,Small Cap
BANSALWIRE,Bansal Wire Industries Limited,INE0B9K01025,NSE,5446.02,Small Cap
LXCHEM,Laxmi Organic Industries Limited,INE576O01020,NSE,5444.23,Small Cap
CRIZAC,CRIZAC LIMITED,INE0S4R01014,NSE,5442.21,Small Cap
AGI,AGI GREENPAC LIMITED,INE415A01038,NSE,5412.85,Small Cap
CAPILLARY,Capillary Technologies India Limited,INE0ILV01024,NSE,5375.6,Small Cap
KNRCON,KNR Constructions Limited,INE634I01029,NSE,5342.93,Small Cap
UNIMECH,Unimech Aerospace and Manufacturing Limited,INE0U3I01011,NSE,5334.94,Small Cap
GMMPFAUDLR,GMM Pfaudler Ltd.,INE541A01023,NSE,5330.33,Small Cap
ASHOKA,Ashoka Buildcon Limited,INE442H01029,NSE,5297.99,Small Cap
DYNAMATECH,Dynamatic Technologies Ltd.,INE221B01012,NSE,5255.65,Small Cap
GOKULAGRO,Gokul Agro Resources Ltd,INE314T01033,NSE,5234.27,Small Cap
FEDFINA,Fedbank Financial Services Limited,INE007N01010,NSE,5220.32,Small Cap
KINGFA,Kingfa Science & Technology (India) Ltd,INE473D01015,NSE,5206.07,Small Cap
OPTIEMUS,Optiemus Infracom Limited,INE350C01017,NSE,5202.08,Small Cap
DATAMATICS,Datamatics Global Services Limited,INE365B01017,NSE,5172.56,Small Cap
WEBELSOLAR,Websol Energy System Limited,INE855C01023,NSE,5131.88,Small Cap
EMIL,Electronics Mart India Limited,INE02YR01019,NSE,5127.49,Small Cap
PTC,PTC India Ltd,INE877F01012,NSE,5094.91,Small Cap
ROUTE,Route Mobile Limited,INE450U01017,NSE,5081.08,Small Cap
ITDC,India Tourism Development Corporati,INE353K01014,NSE,5048.32,Small Cap
RSYSTEMS,R Systems International Limited,INE411H01032,NSE,5046.86,Small Cap
ZAGGLE,ZAGGLE PREPAID OCEAN SERVICES LIMITED,INE07K301024,NSE,5041.46,Small Cap
GAEL,Gujarat Ambuja Exports Ltd.,INE036B01030,NSE,5031.79,Small Cap
SIS,SIS LIMITED,INE285J01028,NSE,4985.57,Small Cap
VIYASH,Sequent Scientific Limited,INE807F01027,NSE,4980.33,Small Cap
PDSL,PDS LIMITED,INE111Q01021,NSE,4963.14,Small Cap
SMLMAH,SML Mahindra Limited,INE294B01019,NSE,4949.43,Small Cap
HCC,Hindustan Construction Co. Ltd.,INE549A01026,NSE,4947.52,Small Cap
ENTERO,Entero Healthcare Solutions Limited,INE010601016,NSE,4936.09,Small Cap
VRLLOG,VRL Logistics Limited,INE366I01010,NSE,4922.45,Small Cap
SUNFLAG,Sunflag Iron & Steel Co. Ltd.,INE947A01014,NSE,4918.8,Small Cap
CCAVENUE,INFIBEAM AVENUES LIMITED,INE483S01020,NSE,4909.71,Small Cap
SHILCTECH,Shilchar Technologies Ltd.,INE024F01011,NSE,4907.36,Small Cap
SWARAJENG,Swaraj Engines Ltd.,INE277A01016,NSE,4901.17,Small Cap
JSFB,JANA SMALL FINANCE BANK LIMITED,INE953L01027,NSE,4885.9,Small Cap
JKIL,J. Kumar Infraprojects Limited,INE576I01022,NSE,4845.32,Small Cap
CARERATING,CARE Ratings Limited,INE752H01013,NSE,4835.65,Small Cap
MIDWESTLTD,Midwest Limited,INE0XAD01024,NSE,4818.97,Small Cap
ANUP,The Anup Engineering Ltd,INE294Z01018,NSE,4809.88,Small Cap
GREAVESCOT,Greaves Cotton Ltd.,INE224A01026,NSE,4808.71,Small Cap
KENNAMET,Kennametal India Limtied,INE717A01029,NSE,4802.84,Small Cap
SUVEN,Suven Life Sciences Ltd.,INE495B01038,NSE,4798.41,Small Cap
SKYGOLD,Sky Gold And Diamonds Limited,INE01IU01018,NSE,4782.3,Small Cap
REFEX,Refex Industries Limited,INE056I01025,NSE,4778.33,Small Cap
LGBBROSLTD,L.g.Balkrishnan & Bros. Ltd.,INE337A01034,NSE,4769.82,Small Cap
TARC,TARC LIMITED,INE0EK901012,NSE,4765.38,Small Cap
NIITMTS,NIIT Learning Systems Limited,INE342G01023,NSE,4748.43,Small Cap
DBCORP,D.B.Corp Limited,INE950I01011,NSE,4736.38,Small Cap
INNOVACAP,INNOVA CAPTAB LIMITED,INE0DUT01020,NSE,4720.66,Small Cap
BPAGRI,Blue Pearl Agriventures Limited,INE439N01031,BSE,4703.26,Small Cap
NEPHROPLUS,Nephrocare Health Services Limited,INE428V01029,NSE,4676.38,Small Cap
NIRLON,Nirlon Limited,INE910A01012,NSE,4671.91,Small Cap
ASMTEC,ASM Technologies Ltd.,INE867C01010,BSE,4666.53,Small Cap
DCBBANK,DCB Bank Limited,INE503A01015,NSE,4649.38,Small Cap
BALAMINES,Balaji Amines Ltd.,INE050E01027,NSE,4645.06,Small Cap
SJS,S.J.S. Enterprises Limited,INE284S01014,NSE,4644.9,Small Cap
NACLIND,NACL Industries Limited,INE295D01020,NSE,4642.04,Small Cap
HAWKINCOOK,Hawkins Cooker Ltd.,INE979B01015,NSE,4608.96,Small Cap
BOSCH-HCIL,BOSCH HOME COMFORT INDIA LIMITED,INE782A01015,NSE,4605.87,Small Cap
NFL,National Fertilizers Ltd.,INE870D01012,NSE,4598.42,Small Cap
SPARC,Sun Pharma Advanced Research Company Ltd.,INE232I01014,NSE,4597.07,Small Cap
INDIQUBE,INDIQUBE SPACES LIMITED,INE06ST01018,NSE,4594.16,Small Cap
BANARISUG,Bannari Amman Sugars Ltd.,INE459A01010,NSE,4579.36,Small Cap
SHREEJISPG,Shreeji Shipping Global Limited,INE1B6101010,NSE,4578.18,Small Cap
VSTTILLERS,V.S.T.Tillers Tractors Ltd.,INE764D01017,NSE,4549.5,Small Cap
INDRAMEDCO,Indraprastha Medical Corporation Lt,INE681B01017,NSE,4544.23,Small Cap
PACEDIGITK,Pace Digitek Limited,INE0S3G01027,NSE,4536.33,Small Cap
VSTIND,VST Industries Ltd.,INE710A01016,NSE,4536.3,Small Cap
RAIN,Rain Industries Limited,INE855B01025,NSE,4525.88,Small Cap
SAMHI,Samhi Hotels Limited,INE08U801020,NSE,4524.74,Small Cap
BONDADA,Bondada Engineering Limited,INE0Q8P01029,BSE,4521.15,Small Cap
HEIDELBERG,HeidelbergCement  India Limited,INE578A01017,NSE,4516.44,Small Cap
CEIGALL,Ceigall India Limited,INE0AG901020,NSE,4466.76,Small Cap
KOTIC,Kothari Industrial Corpn. Ltd.,INE972A01020,NSE,4463.59,Small Cap
HERITGFOOD,Heritage Foods Limited,INE978A01027,NSE,4444.36,Small Cap
STYRENIX,Styrenix Performance Materials Limited,INE189B01011,NSE,4426.05,Small Cap
SPICEJET,SpiceJet Limited,INE285B01017,BSE,4417.42,Small Cap
BHARATRAS,Bharat Rasayan Limited,INE838B01021,NSE,4365.51,Small Cap
ORIENTCEM,ORIENT CEMENT LIMITED,INE876N01018,NSE,4358.16,Small Cap
AARTIDRUGS,Aarti Drugs Limited,INE767A01016,NSE,4349.62,Small Cap
GUJTHEM,Gujarat Themis Biosyn Ltd.,INE942C01045,NSE,4348.4,Small Cap
ORIENTELEC,Orient Electric Limited,INE142Z01019,NSE,4347.87,Small Cap
GOPAL,Gopal Snacks Limited,INE0L9R01028,NSE,4337.77,Small Cap
RBA,Restaurant Brands Asia Limited,INE07T201019,NSE,4316.08,Small Cap
SGMART,SG MART LIMITED,INE385F01024,NSE,4301.05,Small Cap
LUMAXIND,Lumax Industries Ltd.,INE162B01018,NSE,4281.02,Small Cap
ZOTA,Zota Health Care Ltd.,INE358U01012,NSE,4272.21,Small Cap
AVANTEL,Avantel Limited,INE005B01027,NSE,4252.32,Small Cap
INA,INSOLATION ENERGY LIMITED,INE0LGX01024,NSE,4222.49,Small Cap
EIEL,ENVIRO INFRA ENGINEERS LIMITED,INE0LLY01014,NSE,4221.21,Small Cap
HUBTOWN,Hubtown Limited,INE703H01016,NSE,4219.46,Small Cap
KITEX,Kitex Garmenets Ltd.,INE602G01020,NSE,4183.82,Small Cap
WPIL,WPIL Ltd,INE765D01022,NSE,4173.57,Small Cap
RAYMONDREL,Raymond Realty Limited,INE1SY401010,NSE,4168.83,Small Cap
SANATHAN,Sanathan Textiles Limited,INE0JPD01013,NSE,4153.53,Small Cap
NORTHARC,Northern Arc Capital Ltd.,INE850M01015,NSE,4152.08,Small Cap
JAMNAAUTO,Jamna Auto Industries Ltd.,INE039C01032,NSE,4137.54,Small Cap
GUJALKALI,Gujarat Alkalis & Chemicals Ltd.,INE186A01019,NSE,4116.88,Small Cap
AWFIS,Awfis Space Solutions Limited,INE108V01019,NSE,4103.78,Small Cap
DCAL,Dishman Carbogen Amcis Limited,INE385W01011,NSE,4102.47,Small Cap
GOLDIAM,Goldiam International Ltd.,INE025B01025,NSE,4085.74,Small Cap
MOSCHIP,MOSCHIP TECHNOLOGIES LIMITED,INE935B01025,NSE,4085.15,Small Cap
RAMKY,Ramky Infrastructure Limited,INE874I01013,NSE,4081.08,Small Cap
JTEKTINDIA,JTEKT India Limited,INE643A01035,NSE,4072.08,Small Cap
HEMIPROP,Hemisphere Properties India Limited,INE0AJG01018,NSE,4071.9,Small Cap
63MOONS,63 Moons Technologies Limited,INE111B01023,NSE,4050.71,Small Cap
GRAUWEIL,Grauer & Weil (India) Ltd.,INE266D01021,NSE,4036.53,Small Cap
MARATHON,Marathon Nextgen Realty Ltd,INE182D01020,NSE,4034.65,Small Cap
KIRLOSIND,Kirloskar Industries Ltd,INE250A01039,NSE,4013.88,Small Cap
SHANTIGEAR,Shanthi Gears Ltd.,INE631A01022,NSE,3972.87,Small Cap
SINDHUTRAD,Sindhu Trade Links Limited,INE325D01025,NSE,3969.96,Small Cap
BOROLTD,Borosil Limited,INE02PY01013,NSE,3964.69,Small Cap
CAMLINFINE,Camlin Fine Sciences Ltd,INE052I01032,NSE,3935.67,Small Cap
UFLEX,Uflex Limited,INE516A01017,NSE,3929.85,Small Cap
VAIBHAVGBL,Vaibhav Global Ltd,INE884A01027,NSE,3929.33,Small Cap
RPGLIFE,RPG Life Sciences Limited,INE105J01010,NSE,3901.6,Small Cap
RAYMOND,Raymond Limited,INE301A01014,NSE,3882.26,Small Cap
ORCHPHARMA,Orchid Pharma Limited,INE191A01027,NSE,3872.97,Small Cap
LUXIND,LUX Industries Limited,INE150G01020,NSE,3867.64,Small Cap
MPSLTD,MPS Limited,INE943D01017,NSE,3863.46,Small Cap
MCLOUD,MAGELLANIC CLOUD LIMITED,INE613C01026,NSE,3826.6,Small Cap
GOODLUCK,Goodluck India Limited,INE127I01024,NSE,3801.75,Small Cap
VADILALIND,Vadilal Industries Ltd.,INE694D01016,NSE,3797.13,Small Cap
EBGNG,GNG Electronics Limited,INE18JU01028,NSE,3783.27,Small Cap
QUESS,Quess Corp Limited,INE615P01015,NSE,3774.42,Small Cap
WONDERLA,Wonderla Holidays Limited,INE066O01014,NSE,3770.45,Small Cap
GREENPLY,Greenply Industries Ltd,INE461C01038,NSE,3751.37,Small Cap
NEOGEN,Neogen Chemicals Limited,INE136S01016,NSE,3705.17,Small Cap
KOLTEPATIL,Kolte-Patil Developers Ltd,INE094I01018,NSE,3698.53,Small Cap
INTERARCH,Interarch Building Solutions Limited,INE00M901018,NSE,3695.36,Small Cap
PRECWIRE,Precision Wires India ltd.,INE372C01037,NSE,3694.21,Small Cap
JINDWORLD,Jindal Worldwide Ltd.,INE247D01039,NSE,3673.19,Small Cap
SWANDEF,SWAN DEFENCE AND HEAVY INDUSTRIES LIMITED,INE542F01020,NSE,3672.98,Small Cap
MEDIASSIST,Medi Assist Healthcare Services Limited,INE456Z01021,NSE,3663.41,Small Cap
CIANAGRO,CIAN Agro Industries & Infrastructure Limited,INE052V01019,BSE,3662.76,Small Cap
NPST,Network People Services Technologies Limited,INE0FFK01017,NSE,3659.23,Small Cap
CENTUM,Centum Electronics Ltd,INE320B01020,NSE,3643.7,Small Cap
HARSHA,Harsha Engineers International Limited,INE0JUS01029,NSE,3632.67,Small Cap
GOCOLORS,Go Fashion (India) Limited,INE0BJS01011,NSE,3631.44,Small Cap
NATIONSTD,National Standard (India) Limited,INE166R01015,NSE,3629.65,Small Cap
NSIL,Nalwa Sons Investment Ltd,INE023A01030,NSE,3626.23,Small Cap
GKENERGY,GK ENERGY LIMITED,INE1AG301022,NSE,3622.56,Small Cap
INDOSTAR,IndoStar Capital Finance Limited,INE896L01010,NSE,3616.36,Small Cap
KSL,Kalyani Steels Ltd,INE907A01026,NSE,3614.26,Small Cap
SHAREINDIA,Share India Securities Limited,INE932X01026,NSE,3600.48,Small Cap
ROLEXRINGS,Rolex Rings Limited,INE645S01024,NSE,3594.15,Small Cap
ADVENZYMES,Advanced Enzyme Technologies Limited,INE837H01020,NSE,3590.0,Small Cap
GUFICBIO,Gufic BioSciences Ltd.,INE742B01025,NSE,3570.17,Small Cap
JISLJALEQS,Jain Irrigation Systems Ltd.,INE175A01038,NSE,3560.77,Small Cap
MSTCLTD,MSTC Limited,INE255X01014,NSE,3560.16,Small Cap
UNICHEMLAB,Unichem Laboratories Ltd.,INE351A01035,NSE,3559.66,Small Cap
JUBLCPL,Jubilant Agri and Consumer Products Limited,INE03CC01015,NSE,3556.14,Small Cap
ROSSARI,ROSSARI BIOTECH LIMITED,INE02A801020,NSE,3551.13,Small Cap
CYIENTDLM,Cyient DLM Limited,INE055S01018,NSE,3544.1,Small Cap
SUNCLAY,SUNDARAM-CLAYTON LIMITED,INE0Q3R01026,NSE,3534.36,Small Cap
RPEL,RAGHAV PRODUCTIVITY ENHANCERS LIMITED,INE912T01018,NSE,3524.94,Small Cap
BALMLAWRIE,Balmer Lawrie & Co. Ltd.,INE164A01016,NSE,3502.02,Small Cap
ARTEMISMED,Artemis Medicare Services Limited,INE025R01021,NSE,3499.6,Small Cap
PRINCEPIPE,Prince Pipes and Fittings Limited,INE689W01016,NSE,3484.74,Small Cap
FOSECOIND,Foseco India Ltd,INE519A01011,NSE,3472.06,Small Cap
PITTIENG,PITTI ENGINEERING LIMITED,INE450D01021,NSE,3468.67,Small Cap
DPABHUSHAN,D P ABHUSHAN LIMITED,INE266Y01019,NSE,3464.7,Small Cap
SSWL,Steel Strips & Wheels Ltd,INE802C01033,NSE,3460.91,Small Cap
SETL,STANDARD GLASS LINING TECHNOLOGY LIMITED,INE0M4D01010,NSE,3447.32,Small Cap
INDOTHAI,Indo Thai Securities Limited,INE337M01021,NSE,3425.55,Small Cap
BHAGCHEM,Bhagiradha Chemicals and Industries,INE414D01027,NSE,3417.04,Small Cap
BAJAJCON,BAJAJ CONSUMER CARE LIMITED,INE933K01021,NSE,3389.11,Small Cap
GREENPANEL,Greenpanel Industries Limited,INE08ZM01014,NSE,3385.96,Small Cap
BNAGROCHEM,BN AGROCHEM LIMITED,INE00HZ01011,NSE,3384.34,Small Cap
BBL,Bharat Bijlee Ltd.,INE464A01036,NSE,3380.54,Small Cap
NAVNETEDUL,Navneet Education Limited,INE060A01024,NSE,3374.26,Small Cap
PROTEAN,Protean eGov Technologies Limited,INE004A01022,NSE,3367.26,Small Cap
VISHNU,Vishnu Chemicals Limited,INE270I01022,NSE,3361.7,Small Cap
SAMBHV,SAMBHV STEEL TUBES LIMITED,INE12NJ01018,NSE,3361.2,Small Cap
PARAGMILK,Parag Milk Foods Limited,INE883N01014,NSE,3355.49,Small Cap
BOMDYEING,Bombay Dyeing & Mfg. Co. Ltd.,INE032A01023,NSE,3354.05,Small Cap
UEL,Ujaas Energy Limited,INE899L01030,NSE,3337.09,Small Cap
SENORES,SENORES PHARMACEUTICALS LIMITED,INE0RB801010,NSE,3322.88,Small Cap
TECHNVISN,TechNVision Ventures Limited,INE314H01012,NSE,3321.13,Small Cap
HLEGLAS,HLE GLASCOAT LIMITED,INE461D01028,NSE,3298.31,Small Cap
HIKAL,Hikal Ltd.,INE475B01022,NSE,3280.94,Small Cap
KIRIINDUS,KIRI INDUSTRIES LIMITED,INE415I01015,NSE,3279.68,Small Cap
FLAIR,Flair Writing Industries Limited,INE00Y201027,NSE,3269.15,Small Cap
KKCL,Kewal Kiran Clothing Ltd.,INE401H01017,NSE,3258.54,Small Cap
MAHLOG,Mahindra Logistics Limited,INE766P01016,NSE,3247.91,Small Cap
TIMEX,Timex Group India Ltd,INE064A01026,NSE,3243.5,Small Cap
EPACK,EPACK Durable Limited,INE0G5901015,NSE,3236.44,Small Cap
ARKADE,ARKADE DEVELOPERS LIMITED,INE0QRL01017,NSE,3233.03,Small Cap
PENIND,Pennar Industries Ltd.,INE932A01024,NSE,3232.08,Small Cap
PSPPROJECT,PSP Projects Limited,INE488V01015,NSE,3213.7,Small Cap
STYLAMIND,Stylam Industries Limited,INE239C01020,NSE,3180.25,Small Cap
PARKHOTELS,Apeejay Surrendra Park Hotels Limited,INE988S01028,NSE,3175.69,Small Cap
GATEWAY,Gateway Distriparks Limited,INE079J01017,NSE,3169.65,Small Cap
PRABHA,Prabha Energy Limited,INE0I0M01023,NSE,3167.4,Small Cap
IMAGICAA,IMAGICAAWORLD ENTERTAINMENT LIMITED,INE172N01012,NSE,3165.11,Small Cap
GLOBUSSPR,Globus Spirits Limited,INE615I01010,NSE,3163.4,Small Cap
JASH,JASH ENGINEERING LIMITED,INE039O01029,NSE,3161.82,Small Cap
PAISALO,PAISALO DIGITAL LIMITED,INE420C01059,NSE,3160.78,Small Cap
SPICELOUNG,SPICE LOUNGE FOOD WORKS LIMITED,INE631E01024,BSE,3156.34,Small Cap
DDEVPLSTIK,DDEV PLASTIKS INDUSTRIES LIMITED,INE0HR601026,NSE,3155.62,Small Cap
PATELENG,Patel Engineering Ltd,INE244B01030,NSE,3154.49,Small Cap
WSTCSTPAPR,West Coast Paper Mills Limited,INE976A01021,NSE,3140.7,Small Cap
GANECOS,Ganesha Ecosphere Limited,INE845D01014,NSE,3138.48,Small Cap
KDDL,KDDL Ltd,INE291D01011,NSE,3133.69,Small Cap
MAITHANALL,Maithan Alloys Limited,INE683C01011,NSE,3132.84,Small Cap
POLYPLEX,Polyplex Corporation Ltd.,INE633B01018,NSE,3127.16,Small Cap
DEEPINDS,Deep Industries Limited,INE0FHS01024,NSE,3126.76,Small Cap
SAGCEM,Sagar Cements Ltd,INE229C01021,NSE,3122.84,Small Cap
SIYSIL,Siyaram Silk Mills Ltd.,INE076B01028,NSE,3120.87,Small Cap
EUROPRATIK,EURO PRATIK SALES LIMITED,INE198501012,NSE,3102.03,Small Cap
MARSONS,MARSONS LIMITED,INE415B01044,NSE,3091.18,Small Cap
EASEMYTRIP,Easy Trip Planners Limited,INE07O001026,NSE,3084.91,Small Cap
HPL,HPL Electric & Power Limited,INE495S01016,NSE,3080.22,Small Cap
ASHIANA,Ashiana Housing Limited,INE365D01021,NSE,3067.21,Small Cap
TCPLPACK,TCPL Packaging Limited,INE822C01015,NSE,3066.1,Small Cap
BRIGHOTEL,Brigade Hotel Ventures Limited,INE03NU01014,NSE,3050.12,Small Cap
EFCIL,EFC (I) LIMITED,INE886D01026,NSE,3034.17,Small Cap
SANDHAR,Sandhar Technologies Limited,INE278H01035,NSE,3029.53,Small Cap
SHK,S H Kelkar and Company Limited,INE500L01026,NSE,3022.0,Small Cap
TFCILTD,Tourism Finance Corpn. Of India Ltd,INE305A01023,NSE,3021.82,Small Cap
RAMRAT,Ram Ratna Wires Ltd.,INE207E01023,NSE,3020.05,Small Cap
SUNDROP,SUNDROP BRANDS LIMITED,INE209A01019,NSE,3007.57,Small Cap